Date and Time,ASTEP,ATIME,GAIN,LED Status,LED Intensity,Test,Milliseconds,Seconds,Type,F1 (Basic),F2 (Basic),F3 (Basic),F4 (Basic),F5 (Basic),F6 (Basic),F7 (Basic),F8 (Basic),Clear (Basic),NIR (Basic),Type,F1 (Raw),F2 (Raw),F3 (Raw),F4 (Raw),F5 (Raw),F6 (Raw),F7 (Raw),F8 (Raw),Clear (Raw),NIR (Raw)
2023/8/7 (Monday) 14:25:26,599,59,10,LED ON,255,6.5 mg/L,0,977,BASIC COUNTS,0.00,0.00,0.00,0.00,0.00,0.00,0.00,0.00,0.00,0.00,RAW VALUES,0,0,0,0,0,0,0,0,0,0
2023/8/7 (Monday) 14:25:27,599,59,10,LED ON,255,6.5 mg/L,1,1640,BASIC COUNTS,0.00,0.00,0.00,0.00,0.00,0.00,0.00,0.00,0.01,0.00,RAW VALUES,4,4,6,3,29,196,207,89,316,21
2023/8/7 (Monday) 14:25:27,599,59,10,LED ON,255,6.5 mg/L,2,2304,BASIC COUNTS,0.00,0.00,0.00,0.00,0.00,0.00,0.00,0.00,0.01,0.00,RAW VALUES,3,4,5,3,29,196,208,89,316,18
2023/8/7 (Monday) 14:25:28,599,59,10,LED ON,255,6.5 mg/L,2,2968,BASIC COUNTS,0.00,0.00,0.00,0.00,0.00,0.00,0.00,0.00,0.01,0.00,RAW VALUES,3,2,6,4,30,196,208,89,315,18
2023/8/7 (Monday) 14:25:29,599,59,10,LED ON,255,6.5 mg/L,3,3633,BASIC COUNTS,0.00,0.00,0.00,0.00,0.00,0.00,0.00,0.00,0.01,0.00,RAW VALUES,4,4,5,4,29,197,208,89,315,18
2023/8/7 (Monday) 14:25:29,599,59,10,LED ON,255,6.5 mg/L,4,4296,BASIC COUNTS,0.00,0.00,0.00,0.00,0.00,0.00,0.00,0.00,0.01,0.00,RAW VALUES,3,3,6,4,30,196,207,88,316,21
2023/8/7 (Monday) 14:25:30,599,59,10,LED ON,255,6.5 mg/L,4,4962,BASIC COUNTS,0.00,0.00,0.00,0.00,0.00,0.00,0.00,0.00,0.01,0.00,RAW VALUES,3,4,6,4,30,197,208,89,315,18
2023/8/7 (Monday) 14:25:31,599,59,10,LED ON,255,6.5 mg/L,5,5625,BASIC COUNTS,0.00,0.00,0.00,0.00,0.00,0.00,0.00,0.00,0.01,0.00,RAW VALUES,3,3,5,4,29,197,208,88,316,21
2023/8/7 (Monday) 14:25:31,599,59,10,LED ON,255,6.5 mg/L,6,6290,BASIC COUNTS,0.00,0.00,0.00,0.00,0.00,0.00,0.00,0.00,0.01,0.00,RAW VALUES,3,4,5,4,30,197,207,89,315,18
2023/8/7 (Monday) 14:25:32,599,59,10,LED ON,255,6.5 mg/L,6,6954,BASIC COUNTS,0.00,0.00,0.00,0.00,0.00,0.00,0.00,0.00,0.01,0.00,RAW VALUES,4,4,5,4,29,197,208,89,315,18
2023/8/7 (Monday) 14:25:33,599,59,10,LED ON,255,6.5 mg/L,7,7618,BASIC COUNTS,0.00,0.00,0.00,0.00,0.00,0.00,0.00,0.00,0.01,0.00,RAW VALUES,4,4,6,4,29,197,208,89,315,21
2023/8/7 (Monday) 14:25:33,599,59,10,LED ON,255,6.5 mg/L,8,8284,BASIC COUNTS,0.00,0.00,0.00,0.00,0.00,0.00,0.00,0.00,0.01,0.00,RAW VALUES,3,4,6,4,29,197,208,88,316,18
2023/8/7 (Monday) 14:25:34,599,59,10,LED ON,255,6.5 mg/L,8,8951,BASIC COUNTS,0.00,0.00,0.00,0.00,0.00,0.00,0.00,0.00,0.01,0.00,RAW VALUES,3,4,5,3,30,197,207,89,315,21
2023/8/7 (Monday) 14:25:35,599,59,10,LED ON,255,6.5 mg/L,9,9613,BASIC COUNTS,0.00,0.00,0.00,0.00,0.00,0.00,0.00,0.00,0.01,0.00,RAW VALUES,3,4,5,3,29,197,207,89,315,18
2023/8/7 (Monday) 14:25:35,599,59,10,LED ON,255,6.5 mg/L,10,10274,BASIC COUNTS,0.00,0.00,0.00,0.00,0.00,0.00,0.00,0.00,0.01,0.00,RAW VALUES,4,3,6,4,29,197,206,89,316,21
2023/8/7 (Monday) 14:25:36,599,59,10,LED ON,255,6.5 mg/L,10,10939,BASIC COUNTS,0.00,0.00,0.00,0.00,0.00,0.00,0.00,0.00,0.01,0.00,RAW VALUES,3,4,5,4,30,197,208,89,316,21
2023/8/7 (Monday) 14:25:37,599,59,10,LED ON,255,6.5 mg/L,11,11605,BASIC COUNTS,0.00,0.00,0.00,0.00,0.00,0.00,0.00,0.00,0.01,0.00,RAW VALUES,3,3,5,4,30,197,207,88,316,18
2023/8/7 (Monday) 14:25:37,599,59,10,LED ON,255,6.5 mg/L,12,12269,BASIC COUNTS,0.00,0.00,0.00,0.00,0.00,0.00,0.00,0.00,0.01,0.00,RAW VALUES,4,4,6,4,30,197,207,89,316,21
2023/8/7 (Monday) 14:25:38,599,59,10,LED ON,255,6.5 mg/L,12,12935,BASIC COUNTS,0.00,0.00,0.00,0.00,0.00,0.00,0.00,0.00,0.01,0.00,RAW VALUES,3,4,5,4,29,197,207,89,316,21
2023/8/7 (Monday) 14:25:39,599,59,10,LED ON,255,6.5 mg/L,13,13597,BASIC COUNTS,0.00,0.00,0.00,0.00,0.00,0.00,0.00,0.00,0.01,0.00,RAW VALUES,3,4,5,3,30,195,207,90,315,18
2023/8/7 (Monday) 14:25:39,599,59,10,LED ON,255,6.5 mg/L,14,14260,BASIC COUNTS,0.00,0.00,0.00,0.00,0.00,0.00,0.00,0.00,0.01,0.00,RAW VALUES,3,3,6,4,30,197,207,88,315,18
2023/8/7 (Monday) 14:25:40,599,59,10,LED ON,255,6.5 mg/L,14,14926,BASIC COUNTS,0.00,0.00,0.00,0.00,0.00,0.00,0.00,0.00,0.01,0.00,RAW VALUES,3,3,6,4,29,196,207,89,314,21
2023/8/7 (Monday) 14:25:41,599,59,10,LED ON,255,6.5 mg/L,15,15587,BASIC COUNTS,0.00,0.00,0.00,0.00,0.00,0.00,0.00,0.00,0.01,0.00,RAW VALUES,4,3,5,4,29,196,207,89,315,21
2023/8/7 (Monday) 14:25:41,599,59,10,LED ON,255,6.5 mg/L,16,16250,BASIC COUNTS,0.00,0.00,0.00,0.00,0.00,0.00,0.00,0.00,0.01,0.00,RAW VALUES,4,4,5,4,29,197,207,89,315,18
2023/8/7 (Monday) 14:25:42,599,59,10,LED ON,255,6.5 mg/L,16,16915,BASIC COUNTS,0.00,0.00,0.00,0.00,0.00,0.00,0.00,0.00,0.01,0.00,RAW VALUES,3,4,5,4,30,197,207,88,316,21
2023/8/7 (Monday) 14:25:43,599,59,10,LED ON,255,6.5 mg/L,17,17577,BASIC COUNTS,0.00,0.00,0.00,0.00,0.00,0.00,0.00,0.00,0.01,0.00,RAW VALUES,3,3,5,5,29,196,206,88,316,18
2023/8/7 (Monday) 14:25:43,599,59,10,LED ON,255,6.5 mg/L,18,18241,BASIC COUNTS,0.00,0.00,0.00,0.00,0.00,0.00,0.00,0.00,0.01,0.00,RAW VALUES,4,4,5,3,29,197,206,89,315,18
2023/8/7 (Monday) 14:25:44,599,59,10,LED ON,255,6.5 mg/L,18,18909,BASIC COUNTS,0.00,0.00,0.00,0.00,0.00,0.00,0.00,0.00,0.01,0.00,RAW VALUES,4,4,6,3,30,197,207,89,315,21
2023/8/7 (Monday) 14:25:45,599,59,10,LED ON,255,6.5 mg/L,19,19573,BASIC COUNTS,0.00,0.00,0.00,0.00,0.00,0.00,0.00,0.00,0.01,0.00,RAW VALUES,4,4,6,4,29,197,207,89,316,18
2023/8/7 (Monday) 14:25:45,599,59,10,LED ON,255,6.5 mg/L,20,20235,BASIC COUNTS,0.00,0.00,0.00,0.00,0.00,0.00,0.00,0.00,0.01,0.00,RAW VALUES,4,3,5,4,29,197,206,89,316,21
2023/8/7 (Monday) 14:25:46,599,59,10,LED ON,255,6.5 mg/L,20,20901,BASIC COUNTS,0.00,0.00,0.00,0.00,0.00,0.00,0.00,0.00,0.01,0.00,RAW VALUES,3,4,5,3,29,197,208,89,315,18
2023/8/7 (Monday) 14:25:47,599,59,10,LED ON,255,6.5 mg/L,21,21562,BASIC COUNTS,0.00,0.00,0.00,0.00,0.00,0.00,0.00,0.00,0.01,0.00,RAW VALUES,4,3,6,4,29,196,207,88,315,18
2023/8/7 (Monday) 14:25:47,599,59,10,LED ON,255,6.5 mg/L,22,22228,BASIC COUNTS,0.00,0.00,0.00,0.00,0.00,0.00,0.00,0.00,0.01,0.00,RAW VALUES,4,3,6,4,30,196,207,89,315,21
2023/8/7 (Monday) 14:25:48,599,59,10,LED ON,255,6.5 mg/L,22,22894,BASIC COUNTS,0.00,0.00,0.00,0.00,0.00,0.00,0.00,0.00,0.01,0.00,RAW VALUES,4,4,5,4,29,195,207,89,315,21
2023/8/7 (Monday) 14:25:49,599,59,10,LED ON,255,6.5 mg/L,23,23557,BASIC COUNTS,0.00,0.00,0.00,0.00,0.00,0.00,0.00,0.00,0.01,0.00,RAW VALUES,3,4,5,4,29,196,207,89,315,21
2023/8/7 (Monday) 14:25:49,599,59,10,LED ON,255,6.5 mg/L,24,24221,BASIC COUNTS,0.00,0.00,0.00,0.00,0.00,0.00,0.00,0.00,0.01,0.00,RAW VALUES,3,3,6,4,29,197,207,89,315,18
2023/8/7 (Monday) 14:25:50,599,59,10,LED ON,255,6.5 mg/L,24,24884,BASIC COUNTS,0.00,0.00,0.00,0.00,0.00,0.00,0.00,0.00,0.01,0.00,RAW VALUES,3,3,5,4,30,196,207,89,315,21
2023/8/7 (Monday) 14:25:51,599,59,10,LED ON,255,6.5 mg/L,25,25546,BASIC COUNTS,0.00,0.00,0.00,0.00,0.00,0.00,0.00,0.00,0.01,0.00,RAW VALUES,3,4,5,3,30,196,208,89,315,21
2023/8/7 (Monday) 14:25:51,599,59,10,LED ON,255,6.5 mg/L,26,26209,BASIC COUNTS,0.00,0.00,0.00,0.00,0.00,0.00,0.00,0.00,0.01,0.00,RAW VALUES,3,3,5,4,29,196,207,88,314,18
2023/8/7 (Monday) 14:25:52,599,59,10,LED ON,255,6.5 mg/L,26,26871,BASIC COUNTS,0.00,0.00,0.00,0.00,0.00,0.00,0.00,0.00,0.01,0.00,RAW VALUES,3,3,6,4,29,196,207,88,315,21
2023/8/7 (Monday) 14:25:53,599,59,10,LED ON,255,6.5 mg/L,27,27539,BASIC COUNTS,0.00,0.00,0.00,0.00,0.00,0.00,0.00,0.00,0.01,0.00,RAW VALUES,3,3,5,4,30,196,207,89,314,21
2023/8/7 (Monday) 14:25:53,599,59,10,LED ON,255,6.5 mg/L,28,28205,BASIC COUNTS,0.00,0.00,0.00,0.00,0.00,0.00,0.00,0.00,0.01,0.00,RAW VALUES,3,3,5,4,30,196,207,88,315,18
2023/8/7 (Monday) 14:25:54,599,59,10,LED ON,255,6.5 mg/L,28,28870,BASIC COUNTS,0.00,0.00,0.00,0.00,0.00,0.00,0.00,0.00,0.01,0.00,RAW VALUES,4,3,5,3,29,196,207,89,315,21
2023/8/7 (Monday) 14:25:55,599,59,10,LED ON,255,6.5 mg/L,29,29536,BASIC COUNTS,0.00,0.00,0.00,0.00,0.00,0.00,0.00,0.00,0.01,0.00,RAW VALUES,3,3,5,4,29,195,206,89,315,21
2023/8/7 (Monday) 14:25:55,599,59,10,LED ON,255,6.5 mg/L,30,30199,BASIC COUNTS,0.00,0.00,0.00,0.00,0.00,0.00,0.00,0.00,0.01,0.00,RAW VALUES,4,4,5,4,29,196,207,89,314,21
2023/8/7 (Monday) 14:25:56,599,59,10,LED ON,255,6.5 mg/L,30,30866,BASIC COUNTS,0.00,0.00,0.00,0.00,0.00,0.00,0.00,0.00,0.01,0.00,RAW VALUES,4,4,5,3,29,195,207,88,315,21
2023/8/7 (Monday) 14:25:57,599,59,10,LED ON,255,6.5 mg/L,31,31531,BASIC COUNTS,0.00,0.00,0.00,0.00,0.00,0.00,0.00,0.00,0.01,0.00,RAW VALUES,4,4,5,3,29,196,206,89,315,21
2023/8/7 (Monday) 14:25:57,599,59,10,LED ON,255,6.5 mg/L,32,32194,BASIC COUNTS,0.00,0.00,0.00,0.00,0.00,0.00,0.00,0.00,0.01,0.00,RAW VALUES,3,4,5,4,29,196,207,88,314,21
2023/8/7 (Monday) 14:25:58,599,59,10,LED ON,255,6.5 mg/L,32,32856,BASIC COUNTS,0.00,0.00,0.00,0.00,0.00,0.00,0.00,0.00,0.01,0.00,RAW VALUES,3,2,5,4,29,196,207,89,315,21
2023/8/7 (Monday) 14:25:59,599,59,10,LED ON,255,6.5 mg/L,33,33521,BASIC COUNTS,0.00,0.00,0.00,0.00,0.00,0.00,0.00,0.00,0.01,0.00,RAW VALUES,3,3,6,4,30,196,207,88,315,18
2023/8/7 (Monday) 14:25:59,599,59,10,LED ON,255,6.5 mg/L,34,34184,BASIC COUNTS,0.00,0.00,0.00,0.00,0.00,0.00,0.00,0.00,0.01,0.00,RAW VALUES,4,4,5,4,29,196,207,88,314,21
2023/8/7 (Monday) 14:26:0,599,59,10,LED ON,255,6.5 mg/L,34,34848,BASIC COUNTS,0.00,0.00,0.00,0.00,0.00,0.00,0.00,0.00,0.01,0.00,RAW VALUES,4,3,5,4,30,197,207,88,315,21
2023/8/7 (Monday) 14:26:1,599,59,10,LED ON,255,6.5 mg/L,35,35509,BASIC COUNTS,0.00,0.00,0.00,0.00,0.00,0.00,0.00,0.00,0.01,0.00,RAW VALUES,3,4,5,4,29,196,207,88,314,18
2023/8/7 (Monday) 14:26:1,599,59,10,LED ON,255,6.5 mg/L,36,36173,BASIC COUNTS,0.00,0.00,0.00,0.00,0.00,0.00,0.00,0.00,0.01,0.00,RAW VALUES,4,4,6,3,29,196,207,89,314,18
2023/8/7 (Monday) 14:26:2,599,59,10,LED ON,255,6.5 mg/L,36,36837,BASIC COUNTS,0.00,0.00,0.00,0.00,0.00,0.00,0.00,0.00,0.01,0.00,RAW VALUES,4,3,6,4,29,197,207,89,315,21
2023/8/7 (Monday) 14:26:3,599,59,10,LED ON,255,6.5 mg/L,37,37500,BASIC COUNTS,0.00,0.00,0.00,0.00,0.00,0.00,0.00,0.00,0.01,0.00,RAW VALUES,4,4,5,4,29,195,207,88,315,21
2023/8/7 (Monday) 14:26:3,599,59,10,LED ON,255,6.5 mg/L,38,38164,BASIC COUNTS,0.00,0.00,0.00,0.00,0.00,0.00,0.00,0.00,0.01,0.00,RAW VALUES,3,3,6,4,29,196,207,89,315,18
2023/8/7 (Monday) 14:26:4,599,59,10,LED ON,255,6.5 mg/L,38,38828,BASIC COUNTS,0.00,0.00,0.00,0.00,0.00,0.00,0.00,0.00,0.01,0.00,RAW VALUES,3,4,5,4,29,196,206,88,315,21
2023/8/7 (Monday) 14:26:5,599,59,10,LED ON,255,6.5 mg/L,39,39489,BASIC COUNTS,0.00,0.00,0.00,0.00,0.00,0.00,0.00,0.00,0.01,0.00,RAW VALUES,4,3,5,4,29,196,207,89,315,21
2023/8/7 (Monday) 14:26:5,599,59,10,LED ON,255,6.5 mg/L,40,40150,BASIC COUNTS,0.00,0.00,0.00,0.00,0.00,0.00,0.00,0.00,0.01,0.00,RAW VALUES,3,3,5,4,29,196,206,89,315,18
2023/8/7 (Monday) 14:26:6,599,59,10,LED ON,255,6.5 mg/L,40,40815,BASIC COUNTS,0.00,0.00,0.00,0.00,0.00,0.00,0.00,0.00,0.01,0.00,RAW VALUES,4,3,5,4,29,195,207,89,315,18
2023/8/7 (Monday) 14:26:7,599,59,10,LED ON,255,6.5 mg/L,41,41477,BASIC COUNTS,0.00,0.00,0.00,0.00,0.00,0.00,0.00,0.00,0.01,0.00,RAW VALUES,3,4,5,3,29,195,207,89,315,21
2023/8/7 (Monday) 14:26:7,599,59,10,LED ON,255,6.5 mg/L,42,42142,BASIC COUNTS,0.00,0.00,0.00,0.00,0.00,0.00,0.00,0.00,0.01,0.00,RAW VALUES,3,4,5,4,29,196,207,89,314,18
2023/8/7 (Monday) 14:26:8,599,59,10,LED ON,255,6.5 mg/L,42,42806,BASIC COUNTS,0.00,0.00,0.00,0.00,0.00,0.00,0.00,0.00,0.01,0.00,RAW VALUES,3,4,6,3,29,196,207,88,315,21
2023/8/7 (Monday) 14:26:9,599,59,10,LED ON,255,6.5 mg/L,43,43469,BASIC COUNTS,0.00,0.00,0.00,0.00,0.00,0.00,0.00,0.00,0.01,0.00,RAW VALUES,4,3,5,4,29,195,207,89,314,21
2023/8/7 (Monday) 14:26:9,599,59,10,LED ON,255,6.5 mg/L,44,44132,BASIC COUNTS,0.00,0.00,0.00,0.00,0.00,0.00,0.00,0.00,0.01,0.00,RAW VALUES,3,3,5,4,29,197,207,89,315,21
2023/8/7 (Monday) 14:26:10,599,59,10,LED ON,255,6.5 mg/L,44,44795,BASIC COUNTS,0.00,0.00,0.00,0.00,0.00,0.00,0.00,0.00,0.01,0.00,RAW VALUES,3,2,5,3,29,197,207,89,315,18
2023/8/7 (Monday) 14:26:11,599,59,10,LED ON,255,6.5 mg/L,45,45458,BASIC COUNTS,0.00,0.00,0.00,0.00,0.00,0.00,0.00,0.00,0.01,0.00,RAW VALUES,4,4,5,4,29,196,207,89,315,21
2023/8/7 (Monday) 14:26:11,599,59,10,LED ON,255,6.5 mg/L,46,46120,BASIC COUNTS,0.00,0.00,0.00,0.00,0.00,0.00,0.00,0.00,0.01,0.00,RAW VALUES,3,4,5,3,29,196,206,89,315,21
2023/8/7 (Monday) 14:26:12,599,59,10,LED ON,255,6.5 mg/L,46,46784,BASIC COUNTS,0.00,0.00,0.00,0.00,0.00,0.00,0.00,0.00,0.01,0.00,RAW VALUES,3,4,5,4,30,196,207,88,315,18
2023/8/7 (Monday) 14:26:13,599,59,10,LED ON,255,6.5 mg/L,47,47449,BASIC COUNTS,0.00,0.00,0.00,0.00,0.00,0.00,0.00,0.00,0.01,0.00,RAW VALUES,3,3,5,4,30,196,207,89,315,18
2023/8/7 (Monday) 14:26:13,599,59,10,LED ON,255,6.5 mg/L,48,48112,BASIC COUNTS,0.00,0.00,0.00,0.00,0.00,0.00,0.00,0.00,0.01,0.00,RAW VALUES,4,4,5,4,29,196,207,89,314,21
2023/8/7 (Monday) 14:26:14,599,59,10,LED ON,255,6.5 mg/L,48,48778,BASIC COUNTS,0.00,0.00,0.00,0.00,0.00,0.00,0.00,0.00,0.01,0.00,RAW VALUES,4,4,5,3,29,196,207,89,314,21
2023/8/7 (Monday) 14:26:15,599,59,10,LED ON,255,6.5 mg/L,49,49443,BASIC COUNTS,0.00,0.00,0.00,0.00,0.00,0.00,0.00,0.00,0.01,0.00,RAW VALUES,3,4,5,4,28,196,207,88,313,18
2023/8/7 (Monday) 14:26:15,599,59,10,LED ON,255,6.5 mg/L,50,50108,BASIC COUNTS,0.00,0.00,0.00,0.00,0.00,0.00,0.00,0.00,0.01,0.00,RAW VALUES,3,4,5,4,30,196,207,88,314,18
2023/8/7 (Monday) 14:26:16,599,59,10,LED ON,255,6.5 mg/L,50,50772,BASIC COUNTS,0.00,0.00,0.00,0.00,0.00,0.00,0.00,0.00,0.01,0.00,RAW VALUES,3,4,5,3,29,196,207,88,314,18
2023/8/7 (Monday) 14:26:17,599,59,10,LED ON,255,6.5 mg/L,51,51433,BASIC COUNTS,0.00,0.00,0.00,0.00,0.00,0.00,0.00,0.00,0.01,0.00,RAW VALUES,4,3,5,4,29,196,206,88,314,21
2023/8/7 (Monday) 14:26:17,599,59,10,LED ON,255,6.5 mg/L,52,52099,BASIC COUNTS,0.00,0.00,0.00,0.00,0.00,0.00,0.00,0.00,0.01,0.00,RAW VALUES,3,4,5,4,29,196,207,89,315,18
2023/8/7 (Monday) 14:26:18,599,59,10,LED ON,255,6.5 mg/L,52,52762,BASIC COUNTS,0.00,0.00,0.00,0.00,0.00,0.00,0.00,0.00,0.01,0.00,RAW VALUES,3,3,5,3,29,196,206,89,314,21
2023/8/7 (Monday) 14:26:19,599,59,10,LED ON,255,6.5 mg/L,53,53424,BASIC COUNTS,0.00,0.00,0.00,0.00,0.00,0.00,0.00,0.00,0.01,0.00,RAW VALUES,3,4,5,4,29,196,207,89,313,18
2023/8/7 (Monday) 14:26:19,599,59,10,LED ON,255,6.5 mg/L,54,54088,BASIC COUNTS,0.00,0.00,0.00,0.00,0.00,0.00,0.00,0.00,0.01,0.00,RAW VALUES,4,3,5,4,29,196,206,88,315,18
2023/8/7 (Monday) 14:26:20,599,59,10,LED ON,255,6.5 mg/L,54,54754,BASIC COUNTS,0.00,0.00,0.00,0.00,0.00,0.00,0.00,0.00,0.01,0.00,RAW VALUES,4,3,6,3,29,195,207,88,314,18
2023/8/7 (Monday) 14:26:21,599,59,10,LED ON,255,6.5 mg/L,55,55421,BASIC COUNTS,0.00,0.00,0.00,0.00,0.00,0.00,0.00,0.00,0.01,0.00,RAW VALUES,3,4,5,4,29,196,207,89,314,18
2023/8/7 (Monday) 14:26:21,599,59,10,LED ON,255,6.5 mg/L,56,56086,BASIC COUNTS,0.00,0.00,0.00,0.00,0.00,0.00,0.00,0.00,0.01,0.00,RAW VALUES,3,3,5,4,29,196,207,88,314,21
2023/8/7 (Monday) 14:26:22,599,59,10,LED ON,255,6.5 mg/L,56,56752,BASIC COUNTS,0.00,0.00,0.00,0.00,0.00,0.00,0.00,0.00,0.01,0.00,RAW VALUES,4,4,5,3,29,196,207,89,314,18
2023/8/7 (Monday) 14:26:23,599,59,10,LED ON,255,6.5 mg/L,57,57414,BASIC COUNTS,0.00,0.00,0.00,0.00,0.00,0.00,0.00,0.00,0.01,0.00,RAW VALUES,3,3,6,4,29,196,207,89,314,21
2023/8/7 (Monday) 14:26:23,599,59,10,LED ON,255,6.5 mg/L,58,58076,BASIC COUNTS,0.00,0.00,0.00,0.00,0.00,0.00,0.00,0.00,0.01,0.00,RAW VALUES,3,4,5,4,29,196,206,88,313,18
2023/8/7 (Monday) 14:26:24,599,59,10,LED ON,255,6.5 mg/L,58,58741,BASIC COUNTS,0.00,0.00,0.00,0.00,0.00,0.00,0.00,0.00,0.01,0.00,RAW VALUES,3,3,5,3,29,197,206,89,314,21
2023/8/7 (Monday) 14:26:25,599,59,10,LED ON,255,6.5 mg/L,59,59404,BASIC COUNTS,0.00,0.00,0.00,0.00,0.00,0.00,0.00,0.00,0.01,0.00,RAW VALUES,3,2,5,3,29,195,207,88,315,21
2023/8/7 (Monday) 14:26:25,599,59,10,LED ON,255,6.5 mg/L,60,60067,BASIC COUNTS,0.00,0.00,0.00,0.00,0.00,0.00,0.00,0.00,0.01,0.00,RAW VALUES,4,4,5,4,30,196,207,89,314,21
Date and Time,ASTEP,ATIME,GAIN,LED Status,LED Intensity,Test,Milliseconds,Seconds,Type,F1 (Basic),F2 (Basic),F3 (Basic),F4 (Basic),F5 (Basic),F6 (Basic),F7 (Basic),F8 (Basic),Clear (Basic),NIR (Basic),Type,F1 (Raw),F2 (Raw),F3 (Raw),F4 (Raw),F5 (Raw),F6 (Raw),F7 (Raw),F8 (Raw),Clear (Raw),NIR (Raw)
2023/8/7 (Monday) 14:27:5,599,59,10,LED ON,255,5.2 mg/L,0,974,BASIC COUNTS,0.00,0.00,0.00,0.00,0.00,0.00,0.00,0.00,0.00,0.00,RAW VALUES,0,0,0,0,0,0,0,0,0,0
2023/8/7 (Monday) 14:27:5,599,59,10,LED ON,255,5.2 mg/L,1,1640,BASIC COUNTS,0.00,0.00,0.00,0.00,0.00,0.00,0.00,0.00,0.00,0.00,RAW VALUES,2,2,4,2,21,151,159,68,251,15
2023/8/7 (Monday) 14:27:6,599,59,10,LED ON,255,5.2 mg/L,2,2305,BASIC COUNTS,0.00,0.00,0.00,0.00,0.00,0.00,0.00,0.00,0.00,0.00,RAW VALUES,2,1,4,2,22,151,159,67,250,12
2023/8/7 (Monday) 14:27:7,599,59,10,LED ON,255,5.2 mg/L,2,2966,BASIC COUNTS,0.00,0.00,0.00,0.00,0.00,0.00,0.00,0.00,0.00,0.00,RAW VALUES,2,2,3,2,23,151,160,68,250,15
2023/8/7 (Monday) 14:27:7,599,59,10,LED ON,255,5.2 mg/L,3,3631,BASIC COUNTS,0.00,0.00,0.00,0.00,0.00,0.00,0.00,0.00,0.00,0.00,RAW VALUES,2,2,4,2,21,151,160,68,250,12
2023/8/7 (Monday) 14:27:8,599,59,10,LED ON,255,5.2 mg/L,4,4293,BASIC COUNTS,0.00,0.00,0.00,0.00,0.00,0.00,0.00,0.00,0.00,0.00,RAW VALUES,2,2,3,3,22,151,161,68,250,12
2023/8/7 (Monday) 14:27:9,599,59,10,LED ON,255,5.2 mg/L,4,4959,BASIC COUNTS,0.00,0.00,0.00,0.00,0.00,0.00,0.00,0.00,0.00,0.00,RAW VALUES,2,2,4,2,21,151,160,68,250,12
2023/8/7 (Monday) 14:27:9,599,59,10,LED ON,255,5.2 mg/L,5,5623,BASIC COUNTS,0.00,0.00,0.00,0.00,0.00,0.00,0.00,0.00,0.00,0.00,RAW VALUES,2,2,4,2,21,150,159,68,251,15
2023/8/7 (Monday) 14:27:10,599,59,10,LED ON,255,5.2 mg/L,6,6288,BASIC COUNTS,0.00,0.00,0.00,0.00,0.00,0.00,0.00,0.00,0.00,0.00,RAW VALUES,2,3,4,2,21,150,159,68,250,15
2023/8/7 (Monday) 14:27:11,599,59,10,LED ON,255,5.2 mg/L,6,6953,BASIC COUNTS,0.00,0.00,0.00,0.00,0.00,0.00,0.00,0.00,0.00,0.00,RAW VALUES,2,1,3,2,22,150,159,68,250,12
2023/8/7 (Monday) 14:27:11,599,59,10,LED ON,255,5.2 mg/L,7,7619,BASIC COUNTS,0.00,0.00,0.00,0.00,0.00,0.00,0.00,0.00,0.00,0.00,RAW VALUES,2,2,4,2,21,151,160,68,250,12
2023/8/7 (Monday) 14:27:12,599,59,10,LED ON,255,5.2 mg/L,8,8283,BASIC COUNTS,0.00,0.00,0.00,0.00,0.00,0.00,0.00,0.00,0.00,0.00,RAW VALUES,2,2,3,2,22,150,159,69,249,12
2023/8/7 (Monday) 14:27:13,599,59,10,LED ON,255,5.2 mg/L,8,8949,BASIC COUNTS,0.00,0.00,0.00,0.00,0.00,0.00,0.00,0.00,0.00,0.00,RAW VALUES,2,1,3,3,21,151,160,68,250,12
2023/8/7 (Monday) 14:27:13,599,59,10,LED ON,255,5.2 mg/L,9,9615,BASIC COUNTS,0.00,0.00,0.00,0.00,0.00,0.00,0.00,0.00,0.00,0.00,RAW VALUES,2,1,4,3,22,150,159,68,249,12
2023/8/7 (Monday) 14:27:14,599,59,10,LED ON,255,5.2 mg/L,10,10278,BASIC COUNTS,0.00,0.00,0.00,0.00,0.00,0.00,0.00,0.00,0.00,0.00,RAW VALUES,2,2,3,2,21,151,160,68,250,12
2023/8/7 (Monday) 14:27:15,599,59,10,LED ON,255,5.2 mg/L,10,10940,BASIC COUNTS,0.00,0.00,0.00,0.00,0.00,0.00,0.00,0.00,0.00,0.00,RAW VALUES,2,1,3,3,22,150,159,67,249,12
2023/8/7 (Monday) 14:27:15,599,59,10,LED ON,255,5.2 mg/L,11,11604,BASIC COUNTS,0.00,0.00,0.00,0.00,0.00,0.00,0.00,0.00,0.00,0.00,RAW VALUES,2,2,4,2,22,150,159,68,249,12
2023/8/7 (Monday) 14:27:16,599,59,10,LED ON,255,5.2 mg/L,12,12267,BASIC COUNTS,0.00,0.00,0.00,0.00,0.00,0.00,0.00,0.00,0.00,0.00,RAW VALUES,2,3,3,2,22,151,159,68,250,18
2023/8/7 (Monday) 14:27:16,599,59,10,LED ON,255,5.2 mg/L,12,12928,BASIC COUNTS,0.00,0.00,0.00,0.00,0.00,0.00,0.00,0.00,0.00,0.00,RAW VALUES,2,2,3,2,22,150,160,68,249,12
2023/8/7 (Monday) 14:27:17,599,59,10,LED ON,255,5.2 mg/L,13,13593,BASIC COUNTS,0.00,0.00,0.00,0.00,0.00,0.00,0.00,0.00,0.00,0.00,RAW VALUES,2,1,4,2,21,150,160,68,250,15
2023/8/7 (Monday) 14:27:18,599,59,10,LED ON,255,5.2 mg/L,14,14256,BASIC COUNTS,0.00,0.00,0.00,0.00,0.00,0.00,0.00,0.00,0.00,0.00,RAW VALUES,2,3,3,2,21,151,159,68,250,15
2023/8/7 (Monday) 14:27:18,599,59,10,LED ON,255,5.2 mg/L,14,14920,BASIC COUNTS,0.00,0.00,0.00,0.00,0.00,0.00,0.00,0.00,0.00,0.00,RAW VALUES,2,1,3,2,22,150,159,68,250,18
2023/8/7 (Monday) 14:27:19,599,59,10,LED ON,255,5.2 mg/L,15,15583,BASIC COUNTS,0.00,0.00,0.00,0.00,0.00,0.00,0.00,0.00,0.00,0.00,RAW VALUES,2,3,4,2,22,151,158,67,249,12
2023/8/7 (Monday) 14:27:20,599,59,10,LED ON,255,5.2 mg/L,16,16251,BASIC COUNTS,0.00,0.00,0.00,0.00,0.00,0.00,0.00,0.00,0.00,0.00,RAW VALUES,2,2,3,2,22,150,159,68,250,15
2023/8/7 (Monday) 14:27:20,599,59,10,LED ON,255,5.2 mg/L,16,16917,BASIC COUNTS,0.00,0.00,0.00,0.00,0.00,0.00,0.00,0.00,0.00,0.00,RAW VALUES,2,2,3,2,22,150,159,68,250,18
2023/8/7 (Monday) 14:27:21,599,59,10,LED ON,255,5.2 mg/L,17,17581,BASIC COUNTS,0.00,0.00,0.00,0.00,0.00,0.00,0.00,0.00,0.00,0.00,RAW VALUES,2,3,4,2,21,150,160,68,248,15
2023/8/7 (Monday) 14:27:22,599,59,10,LED ON,255,5.2 mg/L,18,18246,BASIC COUNTS,0.00,0.00,0.00,0.00,0.00,0.00,0.00,0.00,0.00,0.00,RAW VALUES,2,2,3,2,22,150,159,66,250,15
2023/8/7 (Monday) 14:27:22,599,59,10,LED ON,255,5.2 mg/L,18,18912,BASIC COUNTS,0.00,0.00,0.00,0.00,0.00,0.00,0.00,0.00,0.00,0.00,RAW VALUES,2,2,4,3,22,150,159,68,249,15
2023/8/7 (Monday) 14:27:23,599,59,10,LED ON,255,5.2 mg/L,19,19575,BASIC COUNTS,0.00,0.00,0.00,0.00,0.00,0.00,0.00,0.00,0.00,0.00,RAW VALUES,2,2,3,3,22,149,159,67,249,15
2023/8/7 (Monday) 14:27:24,599,59,10,LED ON,255,5.2 mg/L,20,20240,BASIC COUNTS,0.00,0.00,0.00,0.00,0.00,0.00,0.00,0.00,0.00,0.00,RAW VALUES,2,1,3,2,21,150,159,68,250,12
2023/8/7 (Monday) 14:27:24,599,59,10,LED ON,255,5.2 mg/L,20,20902,BASIC COUNTS,0.00,0.00,0.00,0.00,0.00,0.00,0.00,0.00,0.00,0.00,RAW VALUES,2,2,3,2,22,150,159,68,249,15
2023/8/7 (Monday) 14:27:25,599,59,10,LED ON,255,5.2 mg/L,21,21570,BASIC COUNTS,0.00,0.00,0.00,0.00,0.00,0.00,0.00,0.00,0.00,0.00,RAW VALUES,2,2,3,2,22,150,159,68,249,18
2023/8/7 (Monday) 14:27:26,599,59,10,LED ON,255,5.2 mg/L,22,22232,BASIC COUNTS,0.00,0.00,0.00,0.00,0.00,0.00,0.00,0.00,0.00,0.00,RAW VALUES,2,1,3,2,22,149,159,68,250,12
2023/8/7 (Monday) 14:27:26,599,59,10,LED ON,255,5.2 mg/L,22,22896,BASIC COUNTS,0.00,0.00,0.00,0.00,0.00,0.00,0.00,0.00,0.00,0.00,RAW VALUES,2,2,4,2,22,150,159,68,249,15
2023/8/7 (Monday) 14:27:27,599,59,10,LED ON,255,5.2 mg/L,23,23561,BASIC COUNTS,0.00,0.00,0.00,0.00,0.00,0.00,0.00,0.00,0.00,0.00,RAW VALUES,2,2,3,2,22,150,159,68,249,15
2023/8/7 (Monday) 14:27:28,599,59,10,LED ON,255,5.2 mg/L,24,24224,BASIC COUNTS,0.00,0.00,0.00,0.00,0.00,0.00,0.00,0.00,0.00,0.00,RAW VALUES,2,2,3,2,22,150,159,68,249,12
2023/8/7 (Monday) 14:27:28,599,59,10,LED ON,255,5.2 mg/L,24,24889,BASIC COUNTS,0.00,0.00,0.00,0.00,0.00,0.00,0.00,0.00,0.00,0.00,RAW VALUES,1,2,3,2,21,149,159,68,249,12
2023/8/7 (Monday) 14:27:29,599,59,10,LED ON,255,5.2 mg/L,25,25555,BASIC COUNTS,0.00,0.00,0.00,0.00,0.00,0.00,0.00,0.00,0.00,0.00,RAW VALUES,2,2,3,2,22,149,159,68,249,15
2023/8/7 (Monday) 14:27:30,599,59,10,LED ON,255,5.2 mg/L,26,26218,BASIC COUNTS,0.00,0.00,0.00,0.00,0.00,0.00,0.00,0.00,0.00,0.00,RAW VALUES,2,1,4,2,21,150,159,68,249,15
2023/8/7 (Monday) 14:27:30,599,59,10,LED ON,255,5.2 mg/L,26,26882,BASIC COUNTS,0.00,0.00,0.00,0.00,0.00,0.00,0.00,0.00,0.00,0.00,RAW VALUES,2,1,4,2,22,150,158,67,249,12
2023/8/7 (Monday) 14:27:31,599,59,10,LED ON,255,5.2 mg/L,27,27548,BASIC COUNTS,0.00,0.00,0.00,0.00,0.00,0.00,0.00,0.00,0.00,0.00,RAW VALUES,2,2,3,2,21,151,159,68,249,12
2023/8/7 (Monday) 14:27:32,599,59,10,LED ON,255,5.2 mg/L,28,28212,BASIC COUNTS,0.00,0.00,0.00,0.00,0.00,0.00,0.00,0.00,0.00,0.00,RAW VALUES,2,2,2,2,22,149,159,68,249,15
2023/8/7 (Monday) 14:27:32,599,59,10,LED ON,255,5.2 mg/L,28,28875,BASIC COUNTS,0.00,0.00,0.00,0.00,0.00,0.00,0.00,0.00,0.00,0.00,RAW VALUES,2,1,3,2,22,149,159,68,249,12
2023/8/7 (Monday) 14:27:33,599,59,10,LED ON,255,5.2 mg/L,29,29540,BASIC COUNTS,0.00,0.00,0.00,0.00,0.00,0.00,0.00,0.00,0.00,0.00,RAW VALUES,2,2,3,2,21,150,159,67,249,15
2023/8/7 (Monday) 14:27:34,599,59,10,LED ON,255,5.2 mg/L,30,30202,BASIC COUNTS,0.00,0.00,0.00,0.00,0.00,0.00,0.00,0.00,0.00,0.00,RAW VALUES,1,2,3,2,22,149,158,67,249,18
2023/8/7 (Monday) 14:27:34,599,59,10,LED ON,255,5.2 mg/L,30,30866,BASIC COUNTS,0.00,0.00,0.00,0.00,0.00,0.00,0.00,0.00,0.00,0.00,RAW VALUES,2,2,3,2,21,149,159,67,249,12
2023/8/7 (Monday) 14:27:35,599,59,10,LED ON,255,5.2 mg/L,31,31530,BASIC COUNTS,0.00,0.00,0.00,0.00,0.00,0.00,0.00,0.00,0.00,0.00,RAW VALUES,2,2,4,2,21,150,159,67,249,15
2023/8/7 (Monday) 14:27:36,599,59,10,LED ON,255,5.2 mg/L,32,32193,BASIC COUNTS,0.00,0.00,0.00,0.00,0.00,0.00,0.00,0.00,0.00,0.00,RAW VALUES,2,2,4,2,21,150,159,68,248,15
2023/8/7 (Monday) 14:27:36,599,59,10,LED ON,255,5.2 mg/L,32,32855,BASIC COUNTS,0.00,0.00,0.00,0.00,0.00,0.00,0.00,0.00,0.00,0.00,RAW VALUES,2,2,3,2,21,149,159,68,249,12
2023/8/7 (Monday) 14:27:37,599,59,10,LED ON,255,5.2 mg/L,33,33518,BASIC COUNTS,0.00,0.00,0.00,0.00,0.00,0.00,0.00,0.00,0.00,0.00,RAW VALUES,2,2,3,3,22,150,159,68,249,15
2023/8/7 (Monday) 14:27:38,599,59,10,LED ON,255,5.2 mg/L,34,34182,BASIC COUNTS,0.00,0.00,0.00,0.00,0.00,0.00,0.00,0.00,0.00,0.00,RAW VALUES,2,2,3,2,22,150,159,67,248,12
2023/8/7 (Monday) 14:27:38,599,59,10,LED ON,255,5.2 mg/L,34,34846,BASIC COUNTS,0.00,0.00,0.00,0.00,0.00,0.00,0.00,0.00,0.00,0.00,RAW VALUES,1,2,3,2,22,149,159,68,249,18
2023/8/7 (Monday) 14:27:39,599,59,10,LED ON,255,5.2 mg/L,35,35512,BASIC COUNTS,0.00,0.00,0.00,0.00,0.00,0.00,0.00,0.00,0.00,0.00,RAW VALUES,2,2,3,2,22,150,159,67,248,15
2023/8/7 (Monday) 14:27:40,599,59,10,LED ON,255,5.2 mg/L,36,36178,BASIC COUNTS,0.00,0.00,0.00,0.00,0.00,0.00,0.00,0.00,0.00,0.00,RAW VALUES,2,3,3,2,22,150,159,68,248,15
2023/8/7 (Monday) 14:27:40,599,59,10,LED ON,255,5.2 mg/L,36,36842,BASIC COUNTS,0.00,0.00,0.00,0.00,0.00,0.00,0.00,0.00,0.00,0.00,RAW VALUES,2,1,4,2,22,150,159,68,249,12
2023/8/7 (Monday) 14:27:41,599,59,10,LED ON,255,5.2 mg/L,37,37507,BASIC COUNTS,0.00,0.00,0.00,0.00,0.00,0.00,0.00,0.00,0.00,0.00,RAW VALUES,1,2,4,2,22,149,159,67,249,15
2023/8/7 (Monday) 14:27:42,599,59,10,LED ON,255,5.2 mg/L,38,38170,BASIC COUNTS,0.00,0.00,0.00,0.00,0.00,0.00,0.00,0.00,0.00,0.00,RAW VALUES,2,1,3,2,22,148,158,68,249,15
2023/8/7 (Monday) 14:27:42,599,59,10,LED ON,255,5.2 mg/L,38,38834,BASIC COUNTS,0.00,0.00,0.00,0.00,0.00,0.00,0.00,0.00,0.00,0.00,RAW VALUES,2,2,4,2,21,149,159,67,249,13
2023/8/7 (Monday) 14:27:43,599,59,10,LED ON,255,5.2 mg/L,39,39500,BASIC COUNTS,0.00,0.00,0.00,0.00,0.00,0.00,0.00,0.00,0.00,0.00,RAW VALUES,2,2,4,2,21,150,159,68,250,15
2023/8/7 (Monday) 14:27:44,599,59,10,LED ON,255,5.2 mg/L,40,40162,BASIC COUNTS,0.00,0.00,0.00,0.00,0.00,0.00,0.00,0.00,0.00,0.00,RAW VALUES,2,1,3,3,21,150,158,68,249,12
2023/8/7 (Monday) 14:27:44,599,59,10,LED ON,255,5.2 mg/L,40,40829,BASIC COUNTS,0.00,0.00,0.00,0.00,0.00,0.00,0.00,0.00,0.00,0.00,RAW VALUES,2,2,3,2,21,149,159,67,248,12
2023/8/7 (Monday) 14:27:45,599,59,10,LED ON,255,5.2 mg/L,41,41495,BASIC COUNTS,0.00,0.00,0.00,0.00,0.00,0.00,0.00,0.00,0.00,0.00,RAW VALUES,2,2,3,2,21,150,158,67,248,12
2023/8/7 (Monday) 14:27:46,599,59,10,LED ON,255,5.2 mg/L,42,42160,BASIC COUNTS,0.00,0.00,0.00,0.00,0.00,0.00,0.00,0.00,0.00,0.00,RAW VALUES,2,1,3,3,21,150,158,67,248,12
2023/8/7 (Monday) 14:27:46,599,59,10,LED ON,255,5.2 mg/L,42,42825,BASIC COUNTS,0.00,0.00,0.00,0.00,0.00,0.00,0.00,0.00,0.00,0.00,RAW VALUES,2,1,3,3,21,150,158,68,249,12
2023/8/7 (Monday) 14:27:47,599,59,10,LED ON,255,5.2 mg/L,43,43487,BASIC COUNTS,0.00,0.00,0.00,0.00,0.00,0.00,0.00,0.00,0.00,0.00,RAW VALUES,2,1,3,2,21,149,159,68,249,12
2023/8/7 (Monday) 14:27:48,599,59,10,LED ON,255,5.2 mg/L,44,44150,BASIC COUNTS,0.00,0.00,0.00,0.00,0.00,0.00,0.00,0.00,0.00,0.00,RAW VALUES,2,2,4,2,21,149,158,67,249,15
2023/8/7 (Monday) 14:27:48,599,59,10,LED ON,255,5.2 mg/L,44,44814,BASIC COUNTS,0.00,0.00,0.00,0.00,0.00,0.00,0.00,0.00,0.00,0.00,RAW VALUES,2,1,4,3,22,150,159,67,248,15
2023/8/7 (Monday) 14:27:49,599,59,10,LED ON,255,5.2 mg/L,45,45479,BASIC COUNTS,0.00,0.00,0.00,0.00,0.00,0.00,0.00,0.00,0.00,0.00,RAW VALUES,2,2,3,2,21,150,159,68,247,15
2023/8/7 (Monday) 14:27:50,599,59,10,LED ON,255,5.2 mg/L,46,46143,BASIC COUNTS,0.00,0.00,0.00,0.00,0.00,0.00,0.00,0.00,0.00,0.00,RAW VALUES,2,2,3,2,22,149,158,67,248,15
2023/8/7 (Monday) 14:27:50,599,59,10,LED ON,255,5.2 mg/L,46,46807,BASIC COUNTS,0.00,0.00,0.00,0.00,0.00,0.00,0.00,0.00,0.00,0.00,RAW VALUES,2,2,3,2,21,149,158,67,248,15
2023/8/7 (Monday) 14:27:51,599,59,10,LED ON,255,5.2 mg/L,47,47472,BASIC COUNTS,0.00,0.00,0.00,0.00,0.00,0.00,0.00,0.00,0.00,0.00,RAW VALUES,2,2,3,3,21,149,158,68,248,15
2023/8/7 (Monday) 14:27:52,599,59,10,LED ON,255,5.2 mg/L,48,48134,BASIC COUNTS,0.00,0.00,0.00,0.00,0.00,0.00,0.00,0.00,0.00,0.00,RAW VALUES,2,2,4,3,22,150,158,67,248,12
2023/8/7 (Monday) 14:27:52,599,59,10,LED ON,255,5.2 mg/L,48,48801,BASIC COUNTS,0.00,0.00,0.00,0.00,0.00,0.00,0.00,0.00,0.00,0.00,RAW VALUES,1,2,4,2,21,149,159,68,249,12
2023/8/7 (Monday) 14:27:53,599,59,10,LED ON,255,5.2 mg/L,49,49467,BASIC COUNTS,0.00,0.00,0.00,0.00,0.00,0.00,0.00,0.00,0.00,0.00,RAW VALUES,2,2,3,2,21,149,158,67,247,12
2023/8/7 (Monday) 14:27:54,599,59,10,LED ON,255,5.2 mg/L,50,50131,BASIC COUNTS,0.00,0.00,0.00,0.00,0.00,0.00,0.00,0.00,0.00,0.00,RAW VALUES,2,2,3,2,22,149,159,67,248,12
2023/8/7 (Monday) 14:27:54,599,59,10,LED ON,255,5.2 mg/L,50,50796,BASIC COUNTS,0.00,0.00,0.00,0.00,0.00,0.00,0.00,0.00,0.00,0.00,RAW VALUES,2,2,4,2,21,149,158,67,248,15
2023/8/7 (Monday) 14:27:55,599,59,10,LED ON,255,5.2 mg/L,51,51463,BASIC COUNTS,0.00,0.00,0.00,0.00,0.00,0.00,0.00,0.00,0.00,0.00,RAW VALUES,2,2,4,2,22,150,158,67,247,12
2023/8/7 (Monday) 14:27:56,599,59,10,LED ON,255,5.2 mg/L,52,52133,BASIC COUNTS,0.00,0.00,0.00,0.00,0.00,0.00,0.00,0.00,0.00,0.00,RAW VALUES,2,2,3,2,22,149,158,67,249,15
2023/8/7 (Monday) 14:27:56,599,59,10,LED ON,255,5.2 mg/L,52,52798,BASIC COUNTS,0.00,0.00,0.00,0.00,0.00,0.00,0.00,0.00,0.00,0.00,RAW VALUES,2,2,4,2,22,150,159,67,248,12
2023/8/7 (Monday) 14:27:57,599,59,10,LED ON,255,5.2 mg/L,53,53466,BASIC COUNTS,0.00,0.00,0.00,0.00,0.00,0.00,0.00,0.00,0.00,0.00,RAW VALUES,2,2,4,2,22,149,158,68,247,15
2023/8/7 (Monday) 14:27:58,599,59,10,LED ON,255,5.2 mg/L,54,54129,BASIC COUNTS,0.00,0.00,0.00,0.00,0.00,0.00,0.00,0.00,0.00,0.00,RAW VALUES,2,3,3,2,21,149,158,67,248,15
2023/8/7 (Monday) 14:27:58,599,59,10,LED ON,255,5.2 mg/L,54,54797,BASIC COUNTS,0.00,0.00,0.00,0.00,0.00,0.00,0.00,0.00,0.00,0.00,RAW VALUES,2,1,4,2,21,149,157,67,249,12
2023/8/7 (Monday) 14:27:59,599,59,10,LED ON,255,5.2 mg/L,55,55463,BASIC COUNTS,0.00,0.00,0.00,0.00,0.00,0.00,0.00,0.00,0.00,0.00,RAW VALUES,2,2,3,2,21,149,158,68,248,15
2023/8/7 (Monday) 14:28:0,599,59,10,LED ON,255,5.2 mg/L,56,56127,BASIC COUNTS,0.00,0.00,0.00,0.00,0.00,0.00,0.00,0.00,0.00,0.00,RAW VALUES,2,2,3,1,21,149,158,68,248,12
2023/8/7 (Monday) 14:28:0,599,59,10,LED ON,255,5.2 mg/L,56,56792,BASIC COUNTS,0.00,0.00,0.00,0.00,0.00,0.00,0.00,0.00,0.00,0.00,RAW VALUES,2,2,3,2,21,149,158,67,248,15
2023/8/7 (Monday) 14:28:1,599,59,10,LED ON,255,5.2 mg/L,57,57459,BASIC COUNTS,0.00,0.00,0.00,0.00,0.00,0.00,0.00,0.00,0.00,0.00,RAW VALUES,2,2,3,2,21,148,159,67,248,15
2023/8/7 (Monday) 14:28:2,599,59,10,LED ON,255,5.2 mg/L,58,58124,BASIC COUNTS,0.00,0.00,0.00,0.00,0.00,0.00,0.00,0.00,0.00,0.00,RAW VALUES,2,2,4,2,21,150,158,67,248,15
2023/8/7 (Monday) 14:28:2,599,59,10,LED ON,255,5.2 mg/L,58,58789,BASIC COUNTS,0.00,0.00,0.00,0.00,0.00,0.00,0.00,0.00,0.00,0.00,RAW VALUES,2,2,4,3,22,148,158,67,247,15
2023/8/7 (Monday) 14:28:3,599,59,10,LED ON,255,5.2 mg/L,59,59455,BASIC COUNTS,0.00,0.00,0.00,0.00,0.00,0.00,0.00,0.00,0.00,0.00,RAW VALUES,2,3,3,2,22,149,158,68,248,14
2023/8/7 (Monday) 14:28:4,599,59,10,LED ON,255,5.2 mg/L,60,60117,BASIC COUNTS,0.00,0.00,0.00,0.00,0.00,0.00,0.00,0.00,0.00,0.00,RAW VALUES,2,2,3,2,21,149,158,67,247,15
2023/8/7 (Monday) 14:28:4,599,59,10,LED ON,255,5.2 mg/L,60,60778,BASIC COUNTS,0.00,0.00,0.00,0.00,0.00,0.00,0.00,0.00,0.00,0.00,RAW VALUES,2,2,3,2,21,149,158,67,248,12
2023/8/7 (Monday) 14:28:5,599,59,10,LED ON,255,5.2 mg/L,61,61444,BASIC COUNTS,0.00,0.00,0.00,0.00,0.00,0.00,0.00,0.00,0.00,0.00,RAW VALUES,2,2,3,3,21,149,157,67,248,12
2023/8/7 (Monday) 14:28:6,599,59,10,LED ON,255,5.2 mg/L,62,62108,BASIC COUNTS,0.00,0.00,0.00,0.00,0.00,0.00,0.00,0.00,0.00,0.00,RAW VALUES,2,2,4,2,21,149,159,67,247,15
2023/8/7 (Monday) 14:28:6,599,59,10,LED ON,255,5.2 mg/L,62,62771,BASIC COUNTS,0.00,0.00,0.00,0.00,0.00,0.00,0.00,0.00,0.00,0.00,RAW VALUES,2,2,4,2,21,149,158,67,248,12
Date and Time,ASTEP,ATIME,GAIN,LED Status,LED Intensity,Test,Milliseconds,Seconds,Type,F1 (Basic),F2 (Basic),F3 (Basic),F4 (Basic),F5 (Basic),F6 (Basic),F7 (Basic),F8 (Basic),Clear (Basic),NIR (Basic),Type,F1 (Raw),F2 (Raw),F3 (Raw),F4 (Raw),F5 (Raw),F6 (Raw),F7 (Raw),F8 (Raw),Clear (Raw),NIR (Raw)
2023/8/7 (Monday) 14:28:54,599,59,10,LED ON,255,3.9 mg/L,0,972,BASIC COUNTS,0.00,0.00,0.00,0.00,0.00,0.00,0.00,0.00,0.00,0.00,RAW VALUES,0,0,0,0,0,0,0,0,0,0
2023/8/7 (Monday) 14:28:55,599,59,10,LED ON,255,3.9 mg/L,1,1635,BASIC COUNTS,0.00,0.00,0.00,0.00,0.00,0.00,0.00,0.00,0.00,0.00,RAW VALUES,1,1,2,1,16,115,123,53,196,9
2023/8/7 (Monday) 14:28:56,599,59,10,LED ON,255,3.9 mg/L,2,2299,BASIC COUNTS,0.00,0.00,0.00,0.00,0.00,0.00,0.00,0.00,0.00,0.00,RAW VALUES,1,0,2,1,16,115,124,52,196,12
2023/8/7 (Monday) 14:28:56,599,59,10,LED ON,255,3.9 mg/L,2,2960,BASIC COUNTS,0.00,0.00,0.00,0.00,0.00,0.00,0.00,0.00,0.00,0.00,RAW VALUES,1,1,2,1,16,114,124,53,195,12
2023/8/7 (Monday) 14:28:57,599,59,10,LED ON,255,3.9 mg/L,3,3622,BASIC COUNTS,0.00,0.00,0.00,0.00,0.00,0.00,0.00,0.00,0.00,0.00,RAW VALUES,1,1,2,2,16,114,123,53,196,9
2023/8/7 (Monday) 14:28:58,599,59,10,LED ON,255,3.9 mg/L,4,4290,BASIC COUNTS,0.00,0.00,0.00,0.00,0.00,0.00,0.00,0.00,0.00,0.00,RAW VALUES,1,0,3,1,16,115,123,53,196,12
2023/8/7 (Monday) 14:28:58,599,59,10,LED ON,255,3.9 mg/L,4,4954,BASIC COUNTS,0.00,0.00,0.00,0.00,0.00,0.00,0.00,0.00,0.00,0.00,RAW VALUES,0,1,2,1,16,114,124,52,195,9
2023/8/7 (Monday) 14:28:59,599,59,10,LED ON,255,3.9 mg/L,5,5616,BASIC COUNTS,0.00,0.00,0.00,0.00,0.00,0.00,0.00,0.00,0.00,0.00,RAW VALUES,1,0,2,1,16,115,123,52,195,9
2023/8/7 (Monday) 14:29:0,599,59,10,LED ON,255,3.9 mg/L,6,6280,BASIC COUNTS,0.00,0.00,0.00,0.00,0.00,0.00,0.00,0.00,0.00,0.00,RAW VALUES,1,1,2,1,16,115,123,52,195,9
2023/8/7 (Monday) 14:29:0,599,59,10,LED ON,255,3.9 mg/L,6,6946,BASIC COUNTS,0.00,0.00,0.00,0.00,0.00,0.00,0.00,0.00,0.00,0.00,RAW VALUES,1,2,2,1,16,114,123,52,196,9
2023/8/7 (Monday) 14:29:1,599,59,10,LED ON,255,3.9 mg/L,7,7614,BASIC COUNTS,0.00,0.00,0.00,0.00,0.00,0.00,0.00,0.00,0.00,0.00,RAW VALUES,1,1,2,1,16,115,124,53,196,9
2023/8/7 (Monday) 14:29:2,599,59,10,LED ON,255,3.9 mg/L,8,8279,BASIC COUNTS,0.00,0.00,0.00,0.00,0.00,0.00,0.00,0.00,0.00,0.00,RAW VALUES,0,1,2,1,16,115,122,53,195,9
2023/8/7 (Monday) 14:29:2,599,59,10,LED ON,255,3.9 mg/L,8,8942,BASIC COUNTS,0.00,0.00,0.00,0.00,0.00,0.00,0.00,0.00,0.00,0.00,RAW VALUES,1,2,2,1,16,115,123,52,195,9
2023/8/7 (Monday) 14:29:3,599,59,10,LED ON,255,3.9 mg/L,9,9605,BASIC COUNTS,0.00,0.00,0.00,0.00,0.00,0.00,0.00,0.00,0.00,0.00,RAW VALUES,1,1,2,1,16,115,123,53,195,9
2023/8/7 (Monday) 14:29:4,599,59,10,LED ON,255,3.9 mg/L,10,10271,BASIC COUNTS,0.00,0.00,0.00,0.00,0.00,0.00,0.00,0.00,0.00,0.00,RAW VALUES,1,1,3,1,16,115,123,52,196,9
2023/8/7 (Monday) 14:29:4,599,59,10,LED ON,255,3.9 mg/L,10,10932,BASIC COUNTS,0.00,0.00,0.00,0.00,0.00,0.00,0.00,0.00,0.00,0.00,RAW VALUES,1,1,2,2,16,115,123,53,196,9
2023/8/7 (Monday) 14:29:5,599,59,10,LED ON,255,3.9 mg/L,11,11597,BASIC COUNTS,0.00,0.00,0.00,0.00,0.00,0.00,0.00,0.00,0.00,0.00,RAW VALUES,1,0,1,1,16,115,123,52,195,9
2023/8/7 (Monday) 14:29:6,599,59,10,LED ON,255,3.9 mg/L,12,12261,BASIC COUNTS,0.00,0.00,0.00,0.00,0.00,0.00,0.00,0.00,0.00,0.00,RAW VALUES,1,2,2,1,16,114,122,52,196,12
2023/8/7 (Monday) 14:29:6,599,59,10,LED ON,255,3.9 mg/L,12,12921,BASIC COUNTS,0.00,0.00,0.00,0.00,0.00,0.00,0.00,0.00,0.00,0.00,RAW VALUES,1,1,2,1,16,115,122,52,196,12
2023/8/7 (Monday) 14:29:7,599,59,10,LED ON,255,3.9 mg/L,13,13582,BASIC COUNTS,0.00,0.00,0.00,0.00,0.00,0.00,0.00,0.00,0.00,0.00,RAW VALUES,1,2,2,1,16,115,123,52,195,12
2023/8/7 (Monday) 14:29:8,599,59,10,LED ON,255,3.9 mg/L,14,14246,BASIC COUNTS,0.00,0.00,0.00,0.00,0.00,0.00,0.00,0.00,0.00,0.00,RAW VALUES,1,0,2,1,15,115,123,53,195,12
2023/8/7 (Monday) 14:29:8,599,59,10,LED ON,255,3.9 mg/L,14,14908,BASIC COUNTS,0.00,0.00,0.00,0.00,0.00,0.00,0.00,0.00,0.00,0.00,RAW VALUES,1,2,2,2,16,115,123,52,196,9
2023/8/7 (Monday) 14:29:9,599,59,10,LED ON,255,3.9 mg/L,15,15574,BASIC COUNTS,0.00,0.00,0.00,0.00,0.00,0.00,0.00,0.00,0.00,0.00,RAW VALUES,1,2,2,1,16,115,123,53,195,9
2023/8/7 (Monday) 14:29:10,599,59,10,LED ON,255,3.9 mg/L,16,16240,BASIC COUNTS,0.00,0.00,0.00,0.00,0.00,0.00,0.00,0.00,0.00,0.00,RAW VALUES,1,1,2,1,16,114,123,52,196,12
2023/8/7 (Monday) 14:29:10,599,59,10,LED ON,255,3.9 mg/L,16,16901,BASIC COUNTS,0.00,0.00,0.00,0.00,0.00,0.00,0.00,0.00,0.00,0.00,RAW VALUES,1,1,2,2,16,114,123,53,195,9
2023/8/7 (Monday) 14:29:11,599,59,10,LED ON,255,3.9 mg/L,17,17566,BASIC COUNTS,0.00,0.00,0.00,0.00,0.00,0.00,0.00,0.00,0.00,0.00,RAW VALUES,1,1,2,2,16,114,123,52,195,12
2023/8/7 (Monday) 14:29:12,599,59,10,LED ON,255,3.9 mg/L,18,18233,BASIC COUNTS,0.00,0.00,0.00,0.00,0.00,0.00,0.00,0.00,0.00,0.00,RAW VALUES,1,2,2,1,16,114,123,53,195,9
2023/8/7 (Monday) 14:29:12,599,59,10,LED ON,255,3.9 mg/L,18,18898,BASIC COUNTS,0.00,0.00,0.00,0.00,0.00,0.00,0.00,0.00,0.00,0.00,RAW VALUES,1,1,2,1,17,114,123,53,195,9
2023/8/7 (Monday) 14:29:13,599,59,10,LED ON,255,3.9 mg/L,19,19561,BASIC COUNTS,0.00,0.00,0.00,0.00,0.00,0.00,0.00,0.00,0.00,0.00,RAW VALUES,1,1,2,1,16,114,123,52,195,9
2023/8/7 (Monday) 14:29:14,599,59,10,LED ON,255,3.9 mg/L,20,20226,BASIC COUNTS,0.00,0.00,0.00,0.00,0.00,0.00,0.00,0.00,0.00,0.00,RAW VALUES,0,1,2,1,16,113,123,52,195,12
2023/8/7 (Monday) 14:29:14,599,59,10,LED ON,255,3.9 mg/L,20,20892,BASIC COUNTS,0.00,0.00,0.00,0.00,0.00,0.00,0.00,0.00,0.00,0.00,RAW VALUES,1,1,2,2,16,115,123,53,195,12
2023/8/7 (Monday) 14:29:15,599,59,10,LED ON,255,3.9 mg/L,21,21554,BASIC COUNTS,0.00,0.00,0.00,0.00,0.00,0.00,0.00,0.00,0.00,0.00,RAW VALUES,1,2,2,1,16,115,123,52,194,9
2023/8/7 (Monday) 14:29:16,599,59,10,LED ON,255,3.9 mg/L,22,22220,BASIC COUNTS,0.00,0.00,0.00,0.00,0.00,0.00,0.00,0.00,0.00,0.00,RAW VALUES,0,0,2,1,16,115,123,52,195,12
2023/8/7 (Monday) 14:29:16,599,59,10,LED ON,255,3.9 mg/L,22,22882,BASIC COUNTS,0.00,0.00,0.00,0.00,0.00,0.00,0.00,0.00,0.00,0.00,RAW VALUES,1,1,2,1,15,114,122,52,194,9
2023/8/7 (Monday) 14:29:17,599,59,10,LED ON,255,3.9 mg/L,23,23548,BASIC COUNTS,0.00,0.00,0.00,0.00,0.00,0.00,0.00,0.00,0.00,0.00,RAW VALUES,1,0,2,1,16,114,123,52,195,9
2023/8/7 (Monday) 14:29:18,599,59,10,LED ON,255,3.9 mg/L,24,24215,BASIC COUNTS,0.00,0.00,0.00,0.00,0.00,0.00,0.00,0.00,0.00,0.00,RAW VALUES,0,1,2,1,15,114,122,52,195,9
2023/8/7 (Monday) 14:29:18,599,59,10,LED ON,255,3.9 mg/L,24,24877,BASIC COUNTS,0.00,0.00,0.00,0.00,0.00,0.00,0.00,0.00,0.00,0.00,RAW VALUES,1,1,2,1,16,114,123,52,195,12
2023/8/7 (Monday) 14:29:19,599,59,10,LED ON,255,3.9 mg/L,25,25541,BASIC COUNTS,0.00,0.00,0.00,0.00,0.00,0.00,0.00,0.00,0.00,0.00,RAW VALUES,1,1,2,2,16,114,123,52,194,9
2023/8/7 (Monday) 14:29:20,599,59,10,LED ON,255,3.9 mg/L,26,26203,BASIC COUNTS,0.00,0.00,0.00,0.00,0.00,0.00,0.00,0.00,0.00,0.00,RAW VALUES,1,0,2,1,16,115,123,53,195,9
2023/8/7 (Monday) 14:29:20,599,59,10,LED ON,255,3.9 mg/L,26,26866,BASIC COUNTS,0.00,0.00,0.00,0.00,0.00,0.00,0.00,0.00,0.00,0.00,RAW VALUES,0,1,2,1,17,115,123,52,195,9
2023/8/7 (Monday) 14:29:21,599,59,10,LED ON,255,3.9 mg/L,27,27527,BASIC COUNTS,0.00,0.00,0.00,0.00,0.00,0.00,0.00,0.00,0.00,0.00,RAW VALUES,1,1,2,1,16,115,122,52,196,9
2023/8/7 (Monday) 14:29:21,599,59,10,LED ON,255,3.9 mg/L,28,28191,BASIC COUNTS,0.00,0.00,0.00,0.00,0.00,0.00,0.00,0.00,0.00,0.00,RAW VALUES,1,0,2,2,16,114,122,53,194,9
2023/8/7 (Monday) 14:29:22,599,59,10,LED ON,255,3.9 mg/L,28,28853,BASIC COUNTS,0.00,0.00,0.00,0.00,0.00,0.00,0.00,0.00,0.00,0.00,RAW VALUES,0,0,2,1,16,115,123,52,195,9
2023/8/7 (Monday) 14:29:23,599,59,10,LED ON,255,3.9 mg/L,29,29515,BASIC COUNTS,0.00,0.00,0.00,0.00,0.00,0.00,0.00,0.00,0.00,0.00,RAW VALUES,2,2,2,1,16,114,123,52,195,9
2023/8/7 (Monday) 14:29:23,599,59,10,LED ON,255,3.9 mg/L,30,30180,BASIC COUNTS,0.00,0.00,0.00,0.00,0.00,0.00,0.00,0.00,0.00,0.00,RAW VALUES,1,1,2,1,16,114,123,52,195,12
2023/8/7 (Monday) 14:29:24,599,59,10,LED ON,255,3.9 mg/L,30,30842,BASIC COUNTS,0.00,0.00,0.00,0.00,0.00,0.00,0.00,0.00,0.00,0.00,RAW VALUES,0,0,2,1,16,114,122,52,195,9
2023/8/7 (Monday) 14:29:25,599,59,10,LED ON,255,3.9 mg/L,31,31504,BASIC COUNTS,0.00,0.00,0.00,0.00,0.00,0.00,0.00,0.00,0.00,0.00,RAW VALUES,1,2,2,2,16,115,123,52,194,12
2023/8/7 (Monday) 14:29:25,599,59,10,LED ON,255,3.9 mg/L,32,32171,BASIC COUNTS,0.00,0.00,0.00,0.00,0.00,0.00,0.00,0.00,0.00,0.00,RAW VALUES,0,0,2,1,16,115,123,52,195,9
2023/8/7 (Monday) 14:29:26,599,59,10,LED ON,255,3.9 mg/L,32,32835,BASIC COUNTS,0.00,0.00,0.00,0.00,0.00,0.00,0.00,0.00,0.00,0.00,RAW VALUES,1,0,2,1,16,114,123,52,195,9
2023/8/7 (Monday) 14:29:27,599,59,10,LED ON,255,3.9 mg/L,33,33496,BASIC COUNTS,0.00,0.00,0.00,0.00,0.00,0.00,0.00,0.00,0.00,0.00,RAW VALUES,1,2,2,2,16,115,122,52,195,9
2023/8/7 (Monday) 14:29:27,599,59,10,LED ON,255,3.9 mg/L,34,34160,BASIC COUNTS,0.00,0.00,0.00,0.00,0.00,0.00,0.00,0.00,0.00,0.00,RAW VALUES,1,1,2,1,16,114,122,52,195,12
2023/8/7 (Monday) 14:29:28,599,59,10,LED ON,255,3.9 mg/L,34,34823,BASIC COUNTS,0.00,0.00,0.00,0.00,0.00,0.00,0.00,0.00,0.00,0.00,RAW VALUES,1,1,2,1,16,115,122,53,195,12
2023/8/7 (Monday) 14:29:29,599,59,10,LED ON,255,3.9 mg/L,35,35485,BASIC COUNTS,0.00,0.00,0.00,0.00,0.00,0.00,0.00,0.00,0.00,0.00,RAW VALUES,1,1,2,1,16,115,122,52,195,12
2023/8/7 (Monday) 14:29:29,599,59,10,LED ON,255,3.9 mg/L,36,36154,BASIC COUNTS,0.00,0.00,0.00,0.00,0.00,0.00,0.00,0.00,0.00,0.00,RAW VALUES,1,2,2,2,15,114,122,52,195,12
2023/8/7 (Monday) 14:29:30,599,59,10,LED ON,255,3.9 mg/L,36,36817,BASIC COUNTS,0.00,0.00,0.00,0.00,0.00,0.00,0.00,0.00,0.00,0.00,RAW VALUES,1,1,2,1,16,114,123,52,195,9
2023/8/7 (Monday) 14:29:31,599,59,10,LED ON,255,3.9 mg/L,37,37479,BASIC COUNTS,0.00,0.00,0.00,0.00,0.00,0.00,0.00,0.00,0.00,0.00,RAW VALUES,1,0,2,1,17,114,122,52,195,9
2023/8/7 (Monday) 14:29:31,599,59,10,LED ON,255,3.9 mg/L,38,38146,BASIC COUNTS,0.00,0.00,0.00,0.00,0.00,0.00,0.00,0.00,0.00,0.00,RAW VALUES,0,1,2,2,16,114,122,52,195,12
2023/8/7 (Monday) 14:29:32,599,59,10,LED ON,255,3.9 mg/L,38,38810,BASIC COUNTS,0.00,0.00,0.00,0.00,0.00,0.00,0.00,0.00,0.00,0.00,RAW VALUES,1,0,2,2,16,114,123,52,194,12
2023/8/7 (Monday) 14:29:33,599,59,10,LED ON,255,3.9 mg/L,39,39474,BASIC COUNTS,0.00,0.00,0.00,0.00,0.00,0.00,0.00,0.00,0.00,0.00,RAW VALUES,0,2,2,1,15,115,122,53,194,12
2023/8/7 (Monday) 14:29:33,599,59,10,LED ON,255,3.9 mg/L,40,40139,BASIC COUNTS,0.00,0.00,0.00,0.00,0.00,0.00,0.00,0.00,0.00,0.00,RAW VALUES,1,1,3,1,15,115,122,52,195,12
2023/8/7 (Monday) 14:29:34,599,59,10,LED ON,255,3.9 mg/L,40,40803,BASIC COUNTS,0.00,0.00,0.00,0.00,0.00,0.00,0.00,0.00,0.00,0.00,RAW VALUES,1,2,2,1,16,115,122,52,194,9
2023/8/7 (Monday) 14:29:35,599,59,10,LED ON,255,3.9 mg/L,41,41468,BASIC COUNTS,0.00,0.00,0.00,0.00,0.00,0.00,0.00,0.00,0.00,0.00,RAW VALUES,1,1,2,1,16,115,122,52,195,9
2023/8/7 (Monday) 14:29:35,599,59,10,LED ON,255,3.9 mg/L,42,42131,BASIC COUNTS,0.00,0.00,0.00,0.00,0.00,0.00,0.00,0.00,0.00,0.00,RAW VALUES,1,1,2,1,16,113,122,52,195,12
2023/8/7 (Monday) 14:29:36,599,59,10,LED ON,255,3.9 mg/L,42,42795,BASIC COUNTS,0.00,0.00,0.00,0.00,0.00,0.00,0.00,0.00,0.00,0.00,RAW VALUES,1,1,1,1,16,115,122,53,194,9
2023/8/7 (Monday) 14:29:37,599,59,10,LED ON,255,3.9 mg/L,43,43459,BASIC COUNTS,0.00,0.00,0.00,0.00,0.00,0.00,0.00,0.00,0.00,0.00,RAW VALUES,0,1,2,1,15,113,123,52,194,12
2023/8/7 (Monday) 14:29:37,599,59,10,LED ON,255,3.9 mg/L,44,44123,BASIC COUNTS,0.00,0.00,0.00,0.00,0.00,0.00,0.00,0.00,0.00,0.00,RAW VALUES,1,1,2,1,16,114,122,52,194,9
2023/8/7 (Monday) 14:29:38,599,59,10,LED ON,255,3.9 mg/L,44,44786,BASIC COUNTS,0.00,0.00,0.00,0.00,0.00,0.00,0.00,0.00,0.00,0.00,RAW VALUES,0,1,2,2,16,114,123,52,194,12
2023/8/7 (Monday) 14:29:39,599,59,10,LED ON,255,3.9 mg/L,45,45449,BASIC COUNTS,0.00,0.00,0.00,0.00,0.00,0.00,0.00,0.00,0.00,0.00,RAW VALUES,1,1,2,2,16,113,122,53,194,12
2023/8/7 (Monday) 14:29:39,599,59,10,LED ON,255,3.9 mg/L,46,46116,BASIC COUNTS,0.00,0.00,0.00,0.00,0.00,0.00,0.00,0.00,0.00,0.00,RAW VALUES,1,1,2,2,16,114,123,52,194,9
2023/8/7 (Monday) 14:29:40,599,59,10,LED ON,255,3.9 mg/L,46,46783,BASIC COUNTS,0.00,0.00,0.00,0.00,0.00,0.00,0.00,0.00,0.00,0.00,RAW VALUES,1,2,2,1,16,114,123,52,195,9
2023/8/7 (Monday) 14:29:41,599,59,10,LED ON,255,3.9 mg/L,47,47447,BASIC COUNTS,0.00,0.00,0.00,0.00,0.00,0.00,0.00,0.00,0.00,0.00,RAW VALUES,1,0,2,2,16,114,122,52,193,12
2023/8/7 (Monday) 14:29:41,599,59,10,LED ON,255,3.9 mg/L,48,48114,BASIC COUNTS,0.00,0.00,0.00,0.00,0.00,0.00,0.00,0.00,0.00,0.00,RAW VALUES,1,1,2,1,16,114,122,52,194,12
2023/8/7 (Monday) 14:29:42,599,59,10,LED ON,255,3.9 mg/L,48,48779,BASIC COUNTS,0.00,0.00,0.00,0.00,0.00,0.00,0.00,0.00,0.00,0.00,RAW VALUES,1,1,2,1,16,114,122,53,195,9
2023/8/7 (Monday) 14:29:43,599,59,10,LED ON,255,3.9 mg/L,49,49442,BASIC COUNTS,0.00,0.00,0.00,0.00,0.00,0.00,0.00,0.00,0.00,0.00,RAW VALUES,1,1,2,2,15,114,122,52,194,9
2023/8/7 (Monday) 14:29:43,599,59,10,LED ON,255,3.9 mg/L,50,50106,BASIC COUNTS,0.00,0.00,0.00,0.00,0.00,0.00,0.00,0.00,0.00,0.00,RAW VALUES,1,1,2,1,15,114,122,52,194,9
2023/8/7 (Monday) 14:29:44,599,59,10,LED ON,255,3.9 mg/L,50,50770,BASIC COUNTS,0.00,0.00,0.00,0.00,0.00,0.00,0.00,0.00,0.00,0.00,RAW VALUES,1,0,2,1,16,113,122,52,194,9
2023/8/7 (Monday) 14:29:45,599,59,10,LED ON,255,3.9 mg/L,51,51433,BASIC COUNTS,0.00,0.00,0.00,0.00,0.00,0.00,0.00,0.00,0.00,0.00,RAW VALUES,1,0,2,1,16,113,122,53,194,9
2023/8/7 (Monday) 14:29:45,599,59,10,LED ON,255,3.9 mg/L,52,52096,BASIC COUNTS,0.00,0.00,0.00,0.00,0.00,0.00,0.00,0.00,0.00,0.00,RAW VALUES,1,1,2,1,16,114,121,52,195,9
2023/8/7 (Monday) 14:29:46,599,59,10,LED ON,255,3.9 mg/L,52,52760,BASIC COUNTS,0.00,0.00,0.00,0.00,0.00,0.00,0.00,0.00,0.00,0.00,RAW VALUES,1,1,2,2,16,115,122,52,194,9
2023/8/7 (Monday) 14:29:47,599,59,10,LED ON,255,3.9 mg/L,53,53423,BASIC COUNTS,0.00,0.00,0.00,0.00,0.00,0.00,0.00,0.00,0.00,0.00,RAW VALUES,1,1,3,1,15,114,122,52,194,12
2023/8/7 (Monday) 14:29:47,599,59,10,LED ON,255,3.9 mg/L,54,54089,BASIC COUNTS,0.00,0.00,0.00,0.00,0.00,0.00,0.00,0.00,0.00,0.00,RAW VALUES,1,0,2,1,16,113,123,52,193,12
2023/8/7 (Monday) 14:29:48,599,59,10,LED ON,255,3.9 mg/L,54,54754,BASIC COUNTS,0.00,0.00,0.00,0.00,0.00,0.00,0.00,0.00,0.00,0.00,RAW VALUES,1,0,2,1,16,114,122,52,194,12
2023/8/7 (Monday) 14:29:49,599,59,10,LED ON,255,3.9 mg/L,55,55417,BASIC COUNTS,0.00,0.00,0.00,0.00,0.00,0.00,0.00,0.00,0.00,0.00,RAW VALUES,1,1,2,1,16,113,122,52,194,12
2023/8/7 (Monday) 14:29:49,599,59,10,LED ON,255,3.9 mg/L,56,56083,BASIC COUNTS,0.00,0.00,0.00,0.00,0.00,0.00,0.00,0.00,0.00,0.00,RAW VALUES,1,1,2,1,16,113,122,52,194,12
2023/8/7 (Monday) 14:29:50,599,59,10,LED ON,255,3.9 mg/L,56,56745,BASIC COUNTS,0.00,0.00,0.00,0.00,0.00,0.00,0.00,0.00,0.00,0.00,RAW VALUES,1,0,2,1,16,114,122,52,194,12
2023/8/7 (Monday) 14:29:51,599,59,10,LED ON,255,3.9 mg/L,57,57410,BASIC COUNTS,0.00,0.00,0.00,0.00,0.00,0.00,0.00,0.00,0.00,0.00,RAW VALUES,1,1,2,1,16,114,122,53,194,9
2023/8/7 (Monday) 14:29:51,599,59,10,LED ON,255,3.9 mg/L,58,58076,BASIC COUNTS,0.00,0.00,0.00,0.00,0.00,0.00,0.00,0.00,0.00,0.00,RAW VALUES,1,0,2,1,16,114,122,52,193,12
2023/8/7 (Monday) 14:29:52,599,59,10,LED ON,255,3.9 mg/L,58,58737,BASIC COUNTS,0.00,0.00,0.00,0.00,0.00,0.00,0.00,0.00,0.00,0.00,RAW VALUES,1,1,3,1,16,113,123,52,194,12
2023/8/7 (Monday) 14:29:53,599,59,10,LED ON,255,3.9 mg/L,59,59399,BASIC COUNTS,0.00,0.00,0.00,0.00,0.00,0.00,0.00,0.00,0.00,0.00,RAW VALUES,1,0,2,1,16,113,123,52,194,9
2023/8/7 (Monday) 14:29:53,599,59,10,LED ON,255,3.9 mg/L,60,60063,BASIC COUNTS,0.00,0.00,0.00,0.00,0.00,0.00,0.00,0.00,0.00,0.00,RAW VALUES,1,1,3,1,16,114,122,52,194,9
2023/8/7 (Monday) 14:29:54,599,59,10,LED ON,255,3.9 mg/L,60,60729,BASIC COUNTS,0.00,0.00,0.00,0.00,0.00,0.00,0.00,0.00,0.00,0.00,RAW VALUES,1,1,2,1,16,114,122,52,194,9
2023/8/7 (Monday) 14:29:55,599,59,10,LED ON,255,3.9 mg/L,61,61394,BASIC COUNTS,0.00,0.00,0.00,0.00,0.00,0.00,0.00,0.00,0.00,0.00,RAW VALUES,1,1,2,1,16,114,122,53,195,9
2023/8/7 (Monday) 14:29:55,599,59,10,LED ON,255,3.9 mg/L,62,62058,BASIC COUNTS,0.00,0.00,0.00,0.00,0.00,0.00,0.00,0.00,0.00,0.00,RAW VALUES,1,0,2,1,16,113,122,52,194,9
2023/8/7 (Monday) 14:29:56,599,59,10,LED ON,255,3.9 mg/L,62,62721,BASIC COUNTS,0.00,0.00,0.00,0.00,0.00,0.00,0.00,0.00,0.00,0.00,RAW VALUES,1,1,2,1,16,113,122,52,194,12
Date and Time,ASTEP,ATIME,GAIN,LED Status,LED Intensity,Test,Milliseconds,Seconds,Type,F1 (Basic),F2 (Basic),F3 (Basic),F4 (Basic),F5 (Basic),F6 (Basic),F7 (Basic),F8 (Basic),Clear (Basic),NIR (Basic),Type,F1 (Raw),F2 (Raw),F3 (Raw),F4 (Raw),F5 (Raw),F6 (Raw),F7 (Raw),F8 (Raw),Clear (Raw),NIR (Raw)
2023/8/7 (Monday) 14:30:27,599,59,10,LED ON,255,2.6 mg/L,0,976,BASIC COUNTS,0.00,0.00,0.00,0.00,0.00,0.00,0.00,0.00,0.00,0.00,RAW VALUES,0,0,0,0,0,0,0,0,0,0
2023/8/7 (Monday) 14:30:28,599,59,10,LED ON,255,2.6 mg/L,1,1639,BASIC COUNTS,0.00,0.00,0.00,0.00,0.00,0.00,0.00,0.00,0.00,0.00,RAW VALUES,0,0,0,0,11,82,88,39,138,6
2023/8/7 (Monday) 14:30:28,599,59,10,LED ON,255,2.6 mg/L,2,2307,BASIC COUNTS,0.00,0.00,0.00,0.00,0.00,0.00,0.00,0.00,0.00,0.00,RAW VALUES,0,0,1,0,11,82,87,39,138,6
2023/8/7 (Monday) 14:30:29,599,59,10,LED ON,255,2.6 mg/L,2,2971,BASIC COUNTS,0.00,0.00,0.00,0.00,0.00,0.00,0.00,0.00,0.00,0.00,RAW VALUES,0,0,1,0,11,81,88,40,137,6
2023/8/7 (Monday) 14:30:30,599,59,10,LED ON,255,2.6 mg/L,3,3638,BASIC COUNTS,0.00,0.00,0.00,0.00,0.00,0.00,0.00,0.00,0.00,0.00,RAW VALUES,0,0,1,0,12,83,88,39,138,6
2023/8/7 (Monday) 14:30:30,599,59,10,LED ON,255,2.6 mg/L,4,4303,BASIC COUNTS,0.00,0.00,0.00,0.00,0.00,0.00,0.00,0.00,0.00,0.00,RAW VALUES,0,0,1,1,11,82,88,39,137,6
2023/8/7 (Monday) 14:30:31,599,59,10,LED ON,255,2.6 mg/L,4,4965,BASIC COUNTS,0.00,0.00,0.00,0.00,0.00,0.00,0.00,0.00,0.00,0.00,RAW VALUES,0,1,0,0,11,83,88,39,137,6
2023/8/7 (Monday) 14:30:32,599,59,10,LED ON,255,2.6 mg/L,5,5630,BASIC COUNTS,0.00,0.00,0.00,0.00,0.00,0.00,0.00,0.00,0.00,0.00,RAW VALUES,0,0,1,0,11,82,88,40,137,3
2023/8/7 (Monday) 14:30:32,599,59,10,LED ON,255,2.6 mg/L,6,6295,BASIC COUNTS,0.00,0.00,0.00,0.00,0.00,0.00,0.00,0.00,0.00,0.00,RAW VALUES,0,0,1,0,12,82,88,40,137,6
2023/8/7 (Monday) 14:30:33,599,59,10,LED ON,255,2.6 mg/L,6,6957,BASIC COUNTS,0.00,0.00,0.00,0.00,0.00,0.00,0.00,0.00,0.00,0.00,RAW VALUES,0,0,1,0,11,82,87,39,137,3
2023/8/7 (Monday) 14:30:34,599,59,10,LED ON,255,2.6 mg/L,7,7621,BASIC COUNTS,0.00,0.00,0.00,0.00,0.00,0.00,0.00,0.00,0.00,0.00,RAW VALUES,0,0,1,0,12,82,89,39,138,9
2023/8/7 (Monday) 14:30:34,599,59,10,LED ON,255,2.6 mg/L,8,8285,BASIC COUNTS,0.00,0.00,0.00,0.00,0.00,0.00,0.00,0.00,0.00,0.00,RAW VALUES,0,0,1,1,11,82,88,39,138,3
2023/8/7 (Monday) 14:30:35,599,59,10,LED ON,255,2.6 mg/L,8,8947,BASIC COUNTS,0.00,0.00,0.00,0.00,0.00,0.00,0.00,0.00,0.00,0.00,RAW VALUES,0,0,1,0,11,81,88,39,137,6
2023/8/7 (Monday) 14:30:36,599,59,10,LED ON,255,2.6 mg/L,9,9612,BASIC COUNTS,0.00,0.00,0.00,0.00,0.00,0.00,0.00,0.00,0.00,0.00,RAW VALUES,0,0,1,0,11,82,88,39,137,6
2023/8/7 (Monday) 14:30:36,599,59,10,LED ON,255,2.6 mg/L,10,10276,BASIC COUNTS,0.00,0.00,0.00,0.00,0.00,0.00,0.00,0.00,0.00,0.00,RAW VALUES,0,0,0,0,11,82,88,39,137,3
2023/8/7 (Monday) 14:30:37,599,59,10,LED ON,255,2.6 mg/L,10,10940,BASIC COUNTS,0.00,0.00,0.00,0.00,0.00,0.00,0.00,0.00,0.00,0.00,RAW VALUES,0,0,1,1,11,82,87,39,137,9
2023/8/7 (Monday) 14:30:38,599,59,10,LED ON,255,2.6 mg/L,11,11601,BASIC COUNTS,0.00,0.00,0.00,0.00,0.00,0.00,0.00,0.00,0.00,0.00,RAW VALUES,1,0,1,0,12,82,88,39,137,9
2023/8/7 (Monday) 14:30:38,599,59,10,LED ON,255,2.6 mg/L,12,12269,BASIC COUNTS,0.00,0.00,0.00,0.00,0.00,0.00,0.00,0.00,0.00,0.00,RAW VALUES,0,1,2,0,12,82,88,39,136,6
2023/8/7 (Monday) 14:30:39,599,59,10,LED ON,255,2.6 mg/L,12,12933,BASIC COUNTS,0.00,0.00,0.00,0.00,0.00,0.00,0.00,0.00,0.00,0.00,RAW VALUES,0,0,0,1,12,81,87,39,137,6
2023/8/7 (Monday) 14:30:40,599,59,10,LED ON,255,2.6 mg/L,13,13596,BASIC COUNTS,0.00,0.00,0.00,0.00,0.00,0.00,0.00,0.00,0.00,0.00,RAW VALUES,0,0,0,0,11,82,87,39,137,6
2023/8/7 (Monday) 14:30:40,599,59,10,LED ON,255,2.6 mg/L,14,14262,BASIC COUNTS,0.00,0.00,0.00,0.00,0.00,0.00,0.00,0.00,0.00,0.00,RAW VALUES,0,0,0,0,11,82,88,39,137,9
2023/8/7 (Monday) 14:30:41,599,59,10,LED ON,255,2.6 mg/L,14,14925,BASIC COUNTS,0.00,0.00,0.00,0.00,0.00,0.00,0.00,0.00,0.00,0.00,RAW VALUES,0,0,1,0,10,82,87,39,136,6
2023/8/7 (Monday) 14:30:42,599,59,10,LED ON,255,2.6 mg/L,15,15588,BASIC COUNTS,0.00,0.00,0.00,0.00,0.00,0.00,0.00,0.00,0.00,0.00,RAW VALUES,0,0,1,0,11,81,87,39,137,9
2023/8/7 (Monday) 14:30:42,599,59,10,LED ON,255,2.6 mg/L,16,16250,BASIC COUNTS,0.00,0.00,0.00,0.00,0.00,0.00,0.00,0.00,0.00,0.00,RAW VALUES,0,0,1,0,12,82,88,39,137,9
2023/8/7 (Monday) 14:30:43,599,59,10,LED ON,255,2.6 mg/L,16,16917,BASIC COUNTS,0.00,0.00,0.00,0.00,0.00,0.00,0.00,0.00,0.00,0.00,RAW VALUES,0,0,1,0,11,82,88,39,137,6
2023/8/7 (Monday) 14:30:44,599,59,10,LED ON,255,2.6 mg/L,17,17580,BASIC COUNTS,0.00,0.00,0.00,0.00,0.00,0.00,0.00,0.00,0.00,0.00,RAW VALUES,0,0,1,0,11,81,88,39,138,6
2023/8/7 (Monday) 14:30:44,599,59,10,LED ON,255,2.6 mg/L,18,18242,BASIC COUNTS,0.00,0.00,0.00,0.00,0.00,0.00,0.00,0.00,0.00,0.00,RAW VALUES,0,0,1,0,11,82,87,39,137,6
2023/8/7 (Monday) 14:30:45,599,59,10,LED ON,255,2.6 mg/L,18,18908,BASIC COUNTS,0.00,0.00,0.00,0.00,0.00,0.00,0.00,0.00,0.00,0.00,RAW VALUES,0,0,1,1,11,82,88,39,137,3
2023/8/7 (Monday) 14:30:46,599,59,10,LED ON,255,2.6 mg/L,19,19571,BASIC COUNTS,0.00,0.00,0.00,0.00,0.00,0.00,0.00,0.00,0.00,0.00,RAW VALUES,1,0,0,0,11,81,88,39,137,3
2023/8/7 (Monday) 14:30:46,599,59,10,LED ON,255,2.6 mg/L,20,20234,BASIC COUNTS,0.00,0.00,0.00,0.00,0.00,0.00,0.00,0.00,0.00,0.00,RAW VALUES,0,0,1,0,10,82,88,39,137,6
2023/8/7 (Monday) 14:30:47,599,59,10,LED ON,255,2.6 mg/L,20,20898,BASIC COUNTS,0.00,0.00,0.00,0.00,0.00,0.00,0.00,0.00,0.00,0.00,RAW VALUES,0,0,1,1,11,81,88,39,137,6
2023/8/7 (Monday) 14:30:48,599,59,10,LED ON,255,2.6 mg/L,21,21561,BASIC COUNTS,0.00,0.00,0.00,0.00,0.00,0.00,0.00,0.00,0.00,0.00,RAW VALUES,0,0,1,0,11,82,88,39,136,6
2023/8/7 (Monday) 14:30:48,599,59,10,LED ON,255,2.6 mg/L,22,22227,BASIC COUNTS,0.00,0.00,0.00,0.00,0.00,0.00,0.00,0.00,0.00,0.00,RAW VALUES,0,1,1,0,12,82,88,39,137,6
2023/8/7 (Monday) 14:30:49,599,59,10,LED ON,255,2.6 mg/L,22,22892,BASIC COUNTS,0.00,0.00,0.00,0.00,0.00,0.00,0.00,0.00,0.00,0.00,RAW VALUES,0,1,1,0,11,81,88,38,137,9
2023/8/7 (Monday) 14:30:50,599,59,10,LED ON,255,2.6 mg/L,23,23555,BASIC COUNTS,0.00,0.00,0.00,0.00,0.00,0.00,0.00,0.00,0.00,0.00,RAW VALUES,0,0,1,0,11,81,88,39,137,3
2023/8/7 (Monday) 14:30:50,599,59,10,LED ON,255,2.6 mg/L,24,24219,BASIC COUNTS,0.00,0.00,0.00,0.00,0.00,0.00,0.00,0.00,0.00,0.00,RAW VALUES,0,1,1,1,11,82,88,39,137,9
2023/8/7 (Monday) 14:30:51,599,59,10,LED ON,255,2.6 mg/L,24,24883,BASIC COUNTS,0.00,0.00,0.00,0.00,0.00,0.00,0.00,0.00,0.00,0.00,RAW VALUES,0,0,1,0,11,82,88,39,136,9
2023/8/7 (Monday) 14:30:52,599,59,10,LED ON,255,2.6 mg/L,25,25547,BASIC COUNTS,0.00,0.00,0.00,0.00,0.00,0.00,0.00,0.00,0.00,0.00,RAW VALUES,0,0,0,0,11,82,87,39,136,9
2023/8/7 (Monday) 14:30:52,599,59,10,LED ON,255,2.6 mg/L,26,26210,BASIC COUNTS,0.00,0.00,0.00,0.00,0.00,0.00,0.00,0.00,0.00,0.00,RAW VALUES,0,0,0,0,11,82,88,40,137,6
2023/8/7 (Monday) 14:30:53,599,59,10,LED ON,255,2.6 mg/L,26,26876,BASIC COUNTS,0.00,0.00,0.00,0.00,0.00,0.00,0.00,0.00,0.00,0.00,RAW VALUES,0,0,0,0,11,82,87,39,137,3
2023/8/7 (Monday) 14:30:53,599,59,10,LED ON,255,2.6 mg/L,27,27539,BASIC COUNTS,0.00,0.00,0.00,0.00,0.00,0.00,0.00,0.00,0.00,0.00,RAW VALUES,0,1,0,0,12,81,88,40,138,6
2023/8/7 (Monday) 14:30:54,599,59,10,LED ON,255,2.6 mg/L,28,28202,BASIC COUNTS,0.00,0.00,0.00,0.00,0.00,0.00,0.00,0.00,0.00,0.00,RAW VALUES,0,0,1,0,11,83,87,39,137,9
2023/8/7 (Monday) 14:30:55,599,59,10,LED ON,255,2.6 mg/L,28,28869,BASIC COUNTS,0.00,0.00,0.00,0.00,0.00,0.00,0.00,0.00,0.00,0.00,RAW VALUES,0,0,1,0,12,82,87,39,137,9
2023/8/7 (Monday) 14:30:55,599,59,10,LED ON,255,2.6 mg/L,29,29534,BASIC COUNTS,0.00,0.00,0.00,0.00,0.00,0.00,0.00,0.00,0.00,0.00,RAW VALUES,0,0,1,1,11,81,88,39,137,9
2023/8/7 (Monday) 14:30:56,599,59,10,LED ON,255,2.6 mg/L,30,30199,BASIC COUNTS,0.00,0.00,0.00,0.00,0.00,0.00,0.00,0.00,0.00,0.00,RAW VALUES,0,0,1,0,11,82,87,39,137,6
2023/8/7 (Monday) 14:30:57,599,59,10,LED ON,255,2.6 mg/L,30,30862,BASIC COUNTS,0.00,0.00,0.00,0.00,0.00,0.00,0.00,0.00,0.00,0.00,RAW VALUES,0,0,1,1,11,82,88,39,137,9
2023/8/7 (Monday) 14:30:57,599,59,10,LED ON,255,2.6 mg/L,31,31526,BASIC COUNTS,0.00,0.00,0.00,0.00,0.00,0.00,0.00,0.00,0.00,0.00,RAW VALUES,0,0,1,0,11,81,87,39,137,6
2023/8/7 (Monday) 14:30:58,599,59,10,LED ON,255,2.6 mg/L,32,32193,BASIC COUNTS,0.00,0.00,0.00,0.00,0.00,0.00,0.00,0.00,0.00,0.00,RAW VALUES,0,0,1,1,11,81,88,40,137,6
2023/8/7 (Monday) 14:30:59,599,59,10,LED ON,255,2.6 mg/L,32,32858,BASIC COUNTS,0.00,0.00,0.00,0.00,0.00,0.00,0.00,0.00,0.00,0.00,RAW VALUES,0,0,1,0,11,81,88,39,137,6
2023/8/7 (Monday) 14:30:59,599,59,10,LED ON,255,2.6 mg/L,33,33521,BASIC COUNTS,0.00,0.00,0.00,0.00,0.00,0.00,0.00,0.00,0.00,0.00,RAW VALUES,0,0,0,0,11,82,87,40,137,6
2023/8/7 (Monday) 14:31:0,599,59,10,LED ON,255,2.6 mg/L,34,34184,BASIC COUNTS,0.00,0.00,0.00,0.00,0.00,0.00,0.00,0.00,0.00,0.00,RAW VALUES,0,0,0,0,11,82,87,39,137,6
2023/8/7 (Monday) 14:31:1,599,59,10,LED ON,255,2.6 mg/L,34,34848,BASIC COUNTS,0.00,0.00,0.00,0.00,0.00,0.00,0.00,0.00,0.00,0.00,RAW VALUES,0,0,1,0,11,82,87,39,137,6
2023/8/7 (Monday) 14:31:1,599,59,10,LED ON,255,2.6 mg/L,35,35511,BASIC COUNTS,0.00,0.00,0.00,0.00,0.00,0.00,0.00,0.00,0.00,0.00,RAW VALUES,0,0,1,1,11,82,87,39,137,9
2023/8/7 (Monday) 14:31:2,599,59,10,LED ON,255,2.6 mg/L,36,36176,BASIC COUNTS,0.00,0.00,0.00,0.00,0.00,0.00,0.00,0.00,0.00,0.00,RAW VALUES,1,0,1,0,11,81,87,38,137,3
2023/8/7 (Monday) 14:31:3,599,59,10,LED ON,255,2.6 mg/L,36,36840,BASIC COUNTS,0.00,0.00,0.00,0.00,0.00,0.00,0.00,0.00,0.00,0.00,RAW VALUES,0,0,1,0,11,82,87,39,136,6
2023/8/7 (Monday) 14:31:3,599,59,10,LED ON,255,2.6 mg/L,37,37506,BASIC COUNTS,0.00,0.00,0.00,0.00,0.00,0.00,0.00,0.00,0.00,0.00,RAW VALUES,0,0,0,0,11,81,87,39,136,6
2023/8/7 (Monday) 14:31:4,599,59,10,LED ON,255,2.6 mg/L,38,38169,BASIC COUNTS,0.00,0.00,0.00,0.00,0.00,0.00,0.00,0.00,0.00,0.00,RAW VALUES,0,0,0,0,11,82,87,39,137,6
2023/8/7 (Monday) 14:31:5,599,59,10,LED ON,255,2.6 mg/L,38,38834,BASIC COUNTS,0.00,0.00,0.00,0.00,0.00,0.00,0.00,0.00,0.00,0.00,RAW VALUES,0,0,1,0,11,81,87,39,136,6
2023/8/7 (Monday) 14:31:5,599,59,10,LED ON,255,2.6 mg/L,39,39499,BASIC COUNTS,0.00,0.00,0.00,0.00,0.00,0.00,0.00,0.00,0.00,0.00,RAW VALUES,0,0,0,0,11,81,87,39,137,9
2023/8/7 (Monday) 14:31:6,599,59,10,LED ON,255,2.6 mg/L,40,40164,BASIC COUNTS,0.00,0.00,0.00,0.00,0.00,0.00,0.00,0.00,0.00,0.00,RAW VALUES,0,0,1,0,11,81,88,39,137,6
2023/8/7 (Monday) 14:31:7,599,59,10,LED ON,255,2.6 mg/L,40,40826,BASIC COUNTS,0.00,0.00,0.00,0.00,0.00,0.00,0.00,0.00,0.00,0.00,RAW VALUES,0,0,1,0,11,81,88,39,137,9
2023/8/7 (Monday) 14:31:7,599,59,10,LED ON,255,2.6 mg/L,41,41492,BASIC COUNTS,0.00,0.00,0.00,0.00,0.00,0.00,0.00,0.00,0.00,0.00,RAW VALUES,1,0,0,0,11,82,87,39,137,6
2023/8/7 (Monday) 14:31:8,599,59,10,LED ON,255,2.6 mg/L,42,42155,BASIC COUNTS,0.00,0.00,0.00,0.00,0.00,0.00,0.00,0.00,0.00,0.00,RAW VALUES,0,1,0,0,11,81,87,40,137,6
2023/8/7 (Monday) 14:31:9,599,59,10,LED ON,255,2.6 mg/L,42,42820,BASIC COUNTS,0.00,0.00,0.00,0.00,0.00,0.00,0.00,0.00,0.00,0.00,RAW VALUES,0,0,1,0,12,81,87,39,136,6
2023/8/7 (Monday) 14:31:9,599,59,10,LED ON,255,2.6 mg/L,43,43482,BASIC COUNTS,0.00,0.00,0.00,0.00,0.00,0.00,0.00,0.00,0.00,0.00,RAW VALUES,0,0,1,0,11,82,87,38,137,9
2023/8/7 (Monday) 14:31:10,599,59,10,LED ON,255,2.6 mg/L,44,44148,BASIC COUNTS,0.00,0.00,0.00,0.00,0.00,0.00,0.00,0.00,0.00,0.00,RAW VALUES,0,0,1,0,11,82,88,39,136,9
2023/8/7 (Monday) 14:31:11,599,59,10,LED ON,255,2.6 mg/L,44,44811,BASIC COUNTS,0.00,0.00,0.00,0.00,0.00,0.00,0.00,0.00,0.00,0.00,RAW VALUES,0,0,1,0,11,82,87,39,137,6
2023/8/7 (Monday) 14:31:11,599,59,10,LED ON,255,2.6 mg/L,45,45475,BASIC COUNTS,0.00,0.00,0.00,0.00,0.00,0.00,0.00,0.00,0.00,0.00,RAW VALUES,0,0,1,0,11,82,87,39,137,9
2023/8/7 (Monday) 14:31:12,599,59,10,LED ON,255,2.6 mg/L,46,46135,BASIC COUNTS,0.00,0.00,0.00,0.00,0.00,0.00,0.00,0.00,0.00,0.00,RAW VALUES,0,0,1,0,11,82,87,39,137,6
2023/8/7 (Monday) 14:31:13,599,59,10,LED ON,255,2.6 mg/L,46,46799,BASIC COUNTS,0.00,0.00,0.00,0.00,0.00,0.00,0.00,0.00,0.00,0.00,RAW VALUES,0,0,1,0,12,81,87,38,136,6
2023/8/7 (Monday) 14:31:13,599,59,10,LED ON,255,2.6 mg/L,47,47464,BASIC COUNTS,0.00,0.00,0.00,0.00,0.00,0.00,0.00,0.00,0.00,0.00,RAW VALUES,0,1,1,1,11,81,88,39,136,6
2023/8/7 (Monday) 14:31:14,599,59,10,LED ON,255,2.6 mg/L,48,48138,BASIC COUNTS,0.00,0.00,0.00,0.00,0.00,0.00,0.00,0.00,0.00,0.00,RAW VALUES,1,0,1,0,11,82,88,39,136,6
2023/8/7 (Monday) 14:31:15,599,59,10,LED ON,255,2.6 mg/L,48,48807,BASIC COUNTS,0.00,0.00,0.00,0.00,0.00,0.00,0.00,0.00,0.00,0.00,RAW VALUES,0,0,1,0,11,82,87,39,137,3
2023/8/7 (Monday) 14:31:15,599,59,10,LED ON,255,2.6 mg/L,49,49474,BASIC COUNTS,0.00,0.00,0.00,0.00,0.00,0.00,0.00,0.00,0.00,0.00,RAW VALUES,0,0,1,0,11,80,87,39,137,9
2023/8/7 (Monday) 14:31:16,599,59,10,LED ON,255,2.6 mg/L,50,50140,BASIC COUNTS,0.00,0.00,0.00,0.00,0.00,0.00,0.00,0.00,0.00,0.00,RAW VALUES,0,0,1,1,11,81,88,39,137,3
2023/8/7 (Monday) 14:31:17,599,59,10,LED ON,255,2.6 mg/L,50,50801,BASIC COUNTS,0.00,0.00,0.00,0.00,0.00,0.00,0.00,0.00,0.00,0.00,RAW VALUES,0,0,1,0,12,80,87,39,136,6
2023/8/7 (Monday) 14:31:17,599,59,10,LED ON,255,2.6 mg/L,51,51465,BASIC COUNTS,0.00,0.00,0.00,0.00,0.00,0.00,0.00,0.00,0.00,0.00,RAW VALUES,0,0,1,0,11,81,87,38,137,9
2023/8/7 (Monday) 14:31:18,599,59,10,LED ON,255,2.6 mg/L,52,52129,BASIC COUNTS,0.00,0.00,0.00,0.00,0.00,0.00,0.00,0.00,0.00,0.00,RAW VALUES,0,0,0,0,11,82,87,39,136,9
2023/8/7 (Monday) 14:31:19,599,59,10,LED ON,255,2.6 mg/L,52,52790,BASIC COUNTS,0.00,0.00,0.00,0.00,0.00,0.00,0.00,0.00,0.00,0.00,RAW VALUES,0,0,1,0,11,82,87,39,137,9
2023/8/7 (Monday) 14:31:19,599,59,10,LED ON,255,2.6 mg/L,53,53457,BASIC COUNTS,0.00,0.00,0.00,0.00,0.00,0.00,0.00,0.00,0.00,0.00,RAW VALUES,0,0,1,0,11,81,87,39,136,3
2023/8/7 (Monday) 14:31:20,599,59,10,LED ON,255,2.6 mg/L,54,54120,BASIC COUNTS,0.00,0.00,0.00,0.00,0.00,0.00,0.00,0.00,0.00,0.00,RAW VALUES,0,0,1,0,11,81,87,39,136,9
2023/8/7 (Monday) 14:31:21,599,59,10,LED ON,255,2.6 mg/L,54,54783,BASIC COUNTS,0.00,0.00,0.00,0.00,0.00,0.00,0.00,0.00,0.00,0.00,RAW VALUES,0,0,0,0,11,82,88,39,136,6
2023/8/7 (Monday) 14:31:21,599,59,10,LED ON,255,2.6 mg/L,55,55445,BASIC COUNTS,0.00,0.00,0.00,0.00,0.00,0.00,0.00,0.00,0.00,0.00,RAW VALUES,0,0,0,0,11,81,87,39,136,6
2023/8/7 (Monday) 14:31:22,599,59,10,LED ON,255,2.6 mg/L,56,56108,BASIC COUNTS,0.00,0.00,0.00,0.00,0.00,0.00,0.00,0.00,0.00,0.00,RAW VALUES,0,0,1,0,11,82,87,39,136,6
2023/8/7 (Monday) 14:31:23,599,59,10,LED ON,255,2.6 mg/L,56,56773,BASIC COUNTS,0.00,0.00,0.00,0.00,0.00,0.00,0.00,0.00,0.00,0.00,RAW VALUES,1,0,1,0,11,81,88,39,137,6
2023/8/7 (Monday) 14:31:23,599,59,10,LED ON,255,2.6 mg/L,57,57438,BASIC COUNTS,0.00,0.00,0.00,0.00,0.00,0.00,0.00,0.00,0.00,0.00,RAW VALUES,0,0,1,0,12,81,87,39,137,6
2023/8/7 (Monday) 14:31:24,599,59,10,LED ON,255,2.6 mg/L,58,58099,BASIC COUNTS,0.00,0.00,0.00,0.00,0.00,0.00,0.00,0.00,0.00,0.00,RAW VALUES,0,0,1,0,11,82,88,39,136,9
2023/8/7 (Monday) 14:31:25,599,59,10,LED ON,255,2.6 mg/L,58,58764,BASIC COUNTS,0.00,0.00,0.00,0.00,0.00,0.00,0.00,0.00,0.00,0.00,RAW VALUES,0,0,1,0,11,81,88,39,137,6
2023/8/7 (Monday) 14:31:25,599,59,10,LED ON,255,2.6 mg/L,59,59432,BASIC COUNTS,0.00,0.00,0.00,0.00,0.00,0.00,0.00,0.00,0.00,0.00,RAW VALUES,0,0,1,1,11,82,87,39,137,3
2023/8/7 (Monday) 14:31:26,599,59,10,LED ON,255,2.6 mg/L,60,60093,BASIC COUNTS,0.00,0.00,0.00,0.00,0.00,0.00,0.00,0.00,0.00,0.00,RAW VALUES,0,0,0,0,10,81,87,39,137,6
2023/8/7 (Monday) 14:31:27,599,59,10,LED ON,255,2.6 mg/L,60,60755,BASIC COUNTS,0.00,0.00,0.00,0.00,0.00,0.00,0.00,0.00,0.00,0.00,RAW VALUES,0,0,1,1,12,82,87,39,136,3
2023/8/7 (Monday) 14:31:27,599,59,10,LED ON,255,2.6 mg/L,61,61420,BASIC COUNTS,0.00,0.00,0.00,0.00,0.00,0.00,0.00,0.00,0.00,0.00,RAW VALUES,0,0,1,0,11,81,87,39,136,6
Date and Time,ASTEP,ATIME,GAIN,LED Status,LED Intensity,Test,Milliseconds,Seconds,Type,F1 (Basic),F2 (Basic),F3 (Basic),F4 (Basic),F5 (Basic),F6 (Basic),F7 (Basic),F8 (Basic),Clear (Basic),NIR (Basic),Type,F1 (Raw),F2 (Raw),F3 (Raw),F4 (Raw),F5 (Raw),F6 (Raw),F7 (Raw),F8 (Raw),Clear (Raw),NIR (Raw)
2023/8/7 (Monday) 14:32:1,599,59,10,LED ON,255,1.3 mg/L,0,978,BASIC COUNTS,0.00,0.00,0.00,0.00,0.00,0.00,0.00,0.00,0.00,0.00,RAW VALUES,0,0,0,0,0,0,0,0,0,0
2023/8/7 (Monday) 14:32:1,599,59,10,LED ON,255,1.3 mg/L,1,1647,BASIC COUNTS,0.00,0.00,0.00,0.00,0.00,0.00,0.00,0.00,0.00,0.00,RAW VALUES,0,0,0,0,5,42,47,21,74,0
2023/8/7 (Monday) 14:32:2,599,59,10,LED ON,255,1.3 mg/L,2,2314,BASIC COUNTS,0.00,0.00,0.00,0.00,0.00,0.00,0.00,0.00,0.00,0.00,RAW VALUES,0,0,0,0,4,43,47,21,75,0
2023/8/7 (Monday) 14:32:3,599,59,10,LED ON,255,1.3 mg/L,2,2977,BASIC COUNTS,0.00,0.00,0.00,0.00,0.00,0.00,0.00,0.00,0.00,0.00,RAW VALUES,0,0,0,0,5,41,47,21,74,3
2023/8/7 (Monday) 14:32:3,599,59,10,LED ON,255,1.3 mg/L,3,3641,BASIC COUNTS,0.00,0.00,0.00,0.00,0.00,0.00,0.00,0.00,0.00,0.00,RAW VALUES,0,0,0,0,5,42,47,21,75,0
2023/8/7 (Monday) 14:32:4,599,59,10,LED ON,255,1.3 mg/L,4,4306,BASIC COUNTS,0.00,0.00,0.00,0.00,0.00,0.00,0.00,0.00,0.00,0.00,RAW VALUES,0,0,0,0,5,42,47,21,75,0
2023/8/7 (Monday) 14:32:5,599,59,10,LED ON,255,1.3 mg/L,4,4970,BASIC COUNTS,0.00,0.00,0.00,0.00,0.00,0.00,0.00,0.00,0.00,0.00,RAW VALUES,0,0,0,0,5,42,47,21,74,0
2023/8/7 (Monday) 14:32:5,599,59,10,LED ON,255,1.3 mg/L,5,5634,BASIC COUNTS,0.00,0.00,0.00,0.00,0.00,0.00,0.00,0.00,0.00,0.00,RAW VALUES,0,0,0,0,5,42,47,21,75,3
2023/8/7 (Monday) 14:32:6,599,59,10,LED ON,255,1.3 mg/L,6,6299,BASIC COUNTS,0.00,0.00,0.00,0.00,0.00,0.00,0.00,0.00,0.00,0.00,RAW VALUES,0,0,0,0,5,43,47,21,74,3
2023/8/7 (Monday) 14:32:7,599,59,10,LED ON,255,1.3 mg/L,6,6964,BASIC COUNTS,0.00,0.00,0.00,0.00,0.00,0.00,0.00,0.00,0.00,0.00,RAW VALUES,0,0,0,0,4,42,47,21,75,3
2023/8/7 (Monday) 14:32:7,599,59,10,LED ON,255,1.3 mg/L,7,7625,BASIC COUNTS,0.00,0.00,0.00,0.00,0.00,0.00,0.00,0.00,0.00,0.00,RAW VALUES,0,0,0,0,5,41,47,21,76,0
2023/8/7 (Monday) 14:32:8,599,59,10,LED ON,255,1.3 mg/L,8,8288,BASIC COUNTS,0.00,0.00,0.00,0.00,0.00,0.00,0.00,0.00,0.00,0.00,RAW VALUES,0,0,0,0,5,42,47,21,75,3
2023/8/7 (Monday) 14:32:9,599,59,10,LED ON,255,1.3 mg/L,8,8950,BASIC COUNTS,0.00,0.00,0.00,0.00,0.00,0.00,0.00,0.00,0.00,0.00,RAW VALUES,0,0,0,0,5,42,47,21,76,3
2023/8/7 (Monday) 14:32:9,599,59,10,LED ON,255,1.3 mg/L,9,9613,BASIC COUNTS,0.00,0.00,0.00,0.00,0.00,0.00,0.00,0.00,0.00,0.00,RAW VALUES,0,0,0,0,5,42,47,21,75,0
2023/8/7 (Monday) 14:32:10,599,59,10,LED ON,255,1.3 mg/L,10,10277,BASIC COUNTS,0.00,0.00,0.00,0.00,0.00,0.00,0.00,0.00,0.00,0.00,RAW VALUES,0,0,0,0,4,42,47,20,75,3
2023/8/7 (Monday) 14:32:11,599,59,10,LED ON,255,1.3 mg/L,10,10941,BASIC COUNTS,0.00,0.00,0.00,0.00,0.00,0.00,0.00,0.00,0.00,0.00,RAW VALUES,0,0,0,0,5,41,47,21,75,3
2023/8/7 (Monday) 14:32:11,599,59,10,LED ON,255,1.3 mg/L,11,11602,BASIC COUNTS,0.00,0.00,0.00,0.00,0.00,0.00,0.00,0.00,0.00,0.00,RAW VALUES,0,0,0,0,5,43,47,21,75,3
2023/8/7 (Monday) 14:32:12,599,59,10,LED ON,255,1.3 mg/L,12,12265,BASIC COUNTS,0.00,0.00,0.00,0.00,0.00,0.00,0.00,0.00,0.00,0.00,RAW VALUES,0,0,0,0,4,42,48,21,75,0
2023/8/7 (Monday) 14:32:13,599,59,10,LED ON,255,1.3 mg/L,12,12927,BASIC COUNTS,0.00,0.00,0.00,0.00,0.00,0.00,0.00,0.00,0.00,0.00,RAW VALUES,0,0,0,0,4,42,47,21,75,3
2023/8/7 (Monday) 14:32:13,599,59,10,LED ON,255,1.3 mg/L,13,13589,BASIC COUNTS,0.00,0.00,0.00,0.00,0.00,0.00,0.00,0.00,0.00,0.00,RAW VALUES,0,0,0,0,5,42,47,21,74,0
2023/8/7 (Monday) 14:32:14,599,59,10,LED ON,255,1.3 mg/L,14,14254,BASIC COUNTS,0.00,0.00,0.00,0.00,0.00,0.00,0.00,0.00,0.00,0.00,RAW VALUES,0,0,0,0,5,42,47,20,75,3
2023/8/7 (Monday) 14:32:15,599,59,10,LED ON,255,1.3 mg/L,14,14919,BASIC COUNTS,0.00,0.00,0.00,0.00,0.00,0.00,0.00,0.00,0.00,0.00,RAW VALUES,0,0,0,0,5,41,47,21,74,3
2023/8/7 (Monday) 14:32:15,599,59,10,LED ON,255,1.3 mg/L,15,15585,BASIC COUNTS,0.00,0.00,0.00,0.00,0.00,0.00,0.00,0.00,0.00,0.00,RAW VALUES,0,0,0,0,4,41,47,21,75,3
2023/8/7 (Monday) 14:32:16,599,59,10,LED ON,255,1.3 mg/L,16,16250,BASIC COUNTS,0.00,0.00,0.00,0.00,0.00,0.00,0.00,0.00,0.00,0.00,RAW VALUES,0,0,0,0,4,42,47,21,75,0
2023/8/7 (Monday) 14:32:17,599,59,10,LED ON,255,1.3 mg/L,16,16911,BASIC COUNTS,0.00,0.00,0.00,0.00,0.00,0.00,0.00,0.00,0.00,0.00,RAW VALUES,0,0,0,0,5,42,47,21,75,3
2023/8/7 (Monday) 14:32:17,599,59,10,LED ON,255,1.3 mg/L,17,17574,BASIC COUNTS,0.00,0.00,0.00,0.00,0.00,0.00,0.00,0.00,0.00,0.00,RAW VALUES,0,0,0,0,4,42,47,21,75,3
2023/8/7 (Monday) 14:32:18,599,59,10,LED ON,255,1.3 mg/L,18,18240,BASIC COUNTS,0.00,0.00,0.00,0.00,0.00,0.00,0.00,0.00,0.00,0.00,RAW VALUES,0,0,0,0,5,42,47,21,75,3
2023/8/7 (Monday) 14:32:19,599,59,10,LED ON,255,1.3 mg/L,18,18903,BASIC COUNTS,0.00,0.00,0.00,0.00,0.00,0.00,0.00,0.00,0.00,0.00,RAW VALUES,0,0,0,0,5,42,46,21,75,0
2023/8/7 (Monday) 14:32:19,599,59,10,LED ON,255,1.3 mg/L,19,19566,BASIC COUNTS,0.00,0.00,0.00,0.00,0.00,0.00,0.00,0.00,0.00,0.00,RAW VALUES,0,0,0,0,5,42,47,21,75,0
2023/8/7 (Monday) 14:32:20,599,59,10,LED ON,255,1.3 mg/L,20,20230,BASIC COUNTS,0.00,0.00,0.00,0.00,0.00,0.00,0.00,0.00,0.00,0.00,RAW VALUES,0,0,0,0,4,41,48,21,75,0
2023/8/7 (Monday) 14:32:21,599,59,10,LED ON,255,1.3 mg/L,20,20896,BASIC COUNTS,0.00,0.00,0.00,0.00,0.00,0.00,0.00,0.00,0.00,0.00,RAW VALUES,0,0,0,0,5,41,47,20,75,0
2023/8/7 (Monday) 14:32:21,599,59,10,LED ON,255,1.3 mg/L,21,21561,BASIC COUNTS,0.00,0.00,0.00,0.00,0.00,0.00,0.00,0.00,0.00,0.00,RAW VALUES,0,0,0,0,4,42,47,21,75,3
2023/8/7 (Monday) 14:32:22,599,59,10,LED ON,255,1.3 mg/L,22,22225,BASIC COUNTS,0.00,0.00,0.00,0.00,0.00,0.00,0.00,0.00,0.00,0.00,RAW VALUES,0,0,0,0,5,42,46,21,74,3
2023/8/7 (Monday) 14:32:23,599,59,10,LED ON,255,1.3 mg/L,22,22889,BASIC COUNTS,0.00,0.00,0.00,0.00,0.00,0.00,0.00,0.00,0.00,0.00,RAW VALUES,0,0,0,0,5,42,47,21,74,0
2023/8/7 (Monday) 14:32:23,599,59,10,LED ON,255,1.3 mg/L,23,23552,BASIC COUNTS,0.00,0.00,0.00,0.00,0.00,0.00,0.00,0.00,0.00,0.00,RAW VALUES,0,0,0,0,5,42,47,21,75,3
2023/8/7 (Monday) 14:32:24,599,59,10,LED ON,255,1.3 mg/L,24,24219,BASIC COUNTS,0.00,0.00,0.00,0.00,0.00,0.00,0.00,0.00,0.00,0.00,RAW VALUES,0,0,0,0,4,42,47,21,75,3
2023/8/7 (Monday) 14:32:25,599,59,10,LED ON,255,1.3 mg/L,24,24885,BASIC COUNTS,0.00,0.00,0.00,0.00,0.00,0.00,0.00,0.00,0.00,0.00,RAW VALUES,0,0,0,0,5,42,47,20,75,3
2023/8/7 (Monday) 14:32:25,599,59,10,LED ON,255,1.3 mg/L,25,25548,BASIC COUNTS,0.00,0.00,0.00,0.00,0.00,0.00,0.00,0.00,0.00,0.00,RAW VALUES,0,0,0,0,5,42,47,21,75,0
2023/8/7 (Monday) 14:32:26,599,59,10,LED ON,255,1.3 mg/L,26,26211,BASIC COUNTS,0.00,0.00,0.00,0.00,0.00,0.00,0.00,0.00,0.00,0.00,RAW VALUES,0,0,0,0,5,42,47,21,74,3
2023/8/7 (Monday) 14:32:27,599,59,10,LED ON,255,1.3 mg/L,26,26875,BASIC COUNTS,0.00,0.00,0.00,0.00,0.00,0.00,0.00,0.00,0.00,0.00,RAW VALUES,0,0,0,0,5,42,47,21,75,3
2023/8/7 (Monday) 14:32:27,599,59,10,LED ON,255,1.3 mg/L,27,27540,BASIC COUNTS,0.00,0.00,0.00,0.00,0.00,0.00,0.00,0.00,0.00,0.00,RAW VALUES,0,0,0,0,5,42,47,21,75,3
2023/8/7 (Monday) 14:32:28,599,59,10,LED ON,255,1.3 mg/L,28,28205,BASIC COUNTS,0.00,0.00,0.00,0.00,0.00,0.00,0.00,0.00,0.00,0.00,RAW VALUES,0,0,0,0,5,42,47,22,74,3
2023/8/7 (Monday) 14:32:29,599,59,10,LED ON,255,1.3 mg/L,28,28870,BASIC COUNTS,0.00,0.00,0.00,0.00,0.00,0.00,0.00,0.00,0.00,0.00,RAW VALUES,0,0,0,0,5,41,47,22,74,0
2023/8/7 (Monday) 14:32:29,599,59,10,LED ON,255,1.3 mg/L,29,29536,BASIC COUNTS,0.00,0.00,0.00,0.00,0.00,0.00,0.00,0.00,0.00,0.00,RAW VALUES,0,0,0,0,4,42,47,21,74,0
2023/8/7 (Monday) 14:32:30,599,59,10,LED ON,255,1.3 mg/L,30,30198,BASIC COUNTS,0.00,0.00,0.00,0.00,0.00,0.00,0.00,0.00,0.00,0.00,RAW VALUES,0,0,0,0,4,41,47,20,74,3
2023/8/7 (Monday) 14:32:31,599,59,10,LED ON,255,1.3 mg/L,30,30862,BASIC COUNTS,0.00,0.00,0.00,0.00,0.00,0.00,0.00,0.00,0.00,0.00,RAW VALUES,0,0,0,0,5,41,47,20,74,3
2023/8/7 (Monday) 14:32:31,599,59,10,LED ON,255,1.3 mg/L,31,31525,BASIC COUNTS,0.00,0.00,0.00,0.00,0.00,0.00,0.00,0.00,0.00,0.00,RAW VALUES,0,0,0,0,5,41,47,21,75,3
2023/8/7 (Monday) 14:32:32,599,59,10,LED ON,255,1.3 mg/L,32,32187,BASIC COUNTS,0.00,0.00,0.00,0.00,0.00,0.00,0.00,0.00,0.00,0.00,RAW VALUES,0,0,0,0,5,43,46,21,74,3
2023/8/7 (Monday) 14:32:33,599,59,10,LED ON,255,1.3 mg/L,32,32854,BASIC COUNTS,0.00,0.00,0.00,0.00,0.00,0.00,0.00,0.00,0.00,0.00,RAW VALUES,0,0,0,0,4,42,47,21,75,0
2023/8/7 (Monday) 14:32:33,599,59,10,LED ON,255,1.3 mg/L,33,33521,BASIC COUNTS,0.00,0.00,0.00,0.00,0.00,0.00,0.00,0.00,0.00,0.00,RAW VALUES,0,0,0,0,5,42,47,21,75,3
2023/8/7 (Monday) 14:32:34,599,59,10,LED ON,255,1.3 mg/L,34,34184,BASIC COUNTS,0.00,0.00,0.00,0.00,0.00,0.00,0.00,0.00,0.00,0.00,RAW VALUES,0,0,0,0,4,42,47,20,75,0
2023/8/7 (Monday) 14:32:35,599,59,10,LED ON,255,1.3 mg/L,34,34850,BASIC COUNTS,0.00,0.00,0.00,0.00,0.00,0.00,0.00,0.00,0.00,0.00,RAW VALUES,0,0,0,0,5,42,47,22,74,3
2023/8/7 (Monday) 14:32:35,599,59,10,LED ON,255,1.3 mg/L,35,35514,BASIC COUNTS,0.00,0.00,0.00,0.00,0.00,0.00,0.00,0.00,0.00,0.00,RAW VALUES,0,0,0,0,5,42,46,21,75,3
2023/8/7 (Monday) 14:32:36,599,59,10,LED ON,255,1.3 mg/L,36,36177,BASIC COUNTS,0.00,0.00,0.00,0.00,0.00,0.00,0.00,0.00,0.00,0.00,RAW VALUES,0,0,0,0,4,42,47,21,75,3
2023/8/7 (Monday) 14:32:37,599,59,10,LED ON,255,1.3 mg/L,36,36843,BASIC COUNTS,0.00,0.00,0.00,0.00,0.00,0.00,0.00,0.00,0.00,0.00,RAW VALUES,0,0,0,0,4,41,47,21,74,3
2023/8/7 (Monday) 14:32:37,599,59,10,LED ON,255,1.3 mg/L,37,37506,BASIC COUNTS,0.00,0.00,0.00,0.00,0.00,0.00,0.00,0.00,0.00,0.00,RAW VALUES,0,0,0,0,4,41,46,21,74,3
2023/8/7 (Monday) 14:32:38,599,59,10,LED ON,255,1.3 mg/L,38,38168,BASIC COUNTS,0.00,0.00,0.00,0.00,0.00,0.00,0.00,0.00,0.00,0.00,RAW VALUES,0,0,0,0,5,41,47,21,74,3
2023/8/7 (Monday) 14:32:39,599,59,10,LED ON,255,1.3 mg/L,38,38830,BASIC COUNTS,0.00,0.00,0.00,0.00,0.00,0.00,0.00,0.00,0.00,0.00,RAW VALUES,0,0,0,0,5,42,47,21,74,3
2023/8/7 (Monday) 14:32:39,599,59,10,LED ON,255,1.3 mg/L,39,39493,BASIC COUNTS,0.00,0.00,0.00,0.00,0.00,0.00,0.00,0.00,0.00,0.00,RAW VALUES,0,0,0,0,5,41,47,21,74,0
2023/8/7 (Monday) 14:32:40,599,59,10,LED ON,255,1.3 mg/L,40,40156,BASIC COUNTS,0.00,0.00,0.00,0.00,0.00,0.00,0.00,0.00,0.00,0.00,RAW VALUES,0,0,0,0,5,43,46,21,74,3
2023/8/7 (Monday) 14:32:41,599,59,10,LED ON,255,1.3 mg/L,40,40823,BASIC COUNTS,0.00,0.00,0.00,0.00,0.00,0.00,0.00,0.00,0.00,0.00,RAW VALUES,0,0,0,0,5,42,47,21,75,0
2023/8/7 (Monday) 14:32:41,599,59,10,LED ON,255,1.3 mg/L,41,41486,BASIC COUNTS,0.00,0.00,0.00,0.00,0.00,0.00,0.00,0.00,0.00,0.00,RAW VALUES,0,0,0,0,5,42,46,21,74,3
2023/8/7 (Monday) 14:32:42,599,59,10,LED ON,255,1.3 mg/L,42,42151,BASIC COUNTS,0.00,0.00,0.00,0.00,0.00,0.00,0.00,0.00,0.00,0.00,RAW VALUES,0,0,0,0,5,41,47,21,74,3
2023/8/7 (Monday) 14:32:43,599,59,10,LED ON,255,1.3 mg/L,42,42815,BASIC COUNTS,0.00,0.00,0.00,0.00,0.00,0.00,0.00,0.00,0.00,0.00,RAW VALUES,0,0,0,0,5,42,46,21,74,0
2023/8/7 (Monday) 14:32:43,599,59,10,LED ON,255,1.3 mg/L,43,43480,BASIC COUNTS,0.00,0.00,0.00,0.00,0.00,0.00,0.00,0.00,0.00,0.00,RAW VALUES,0,0,0,0,5,42,47,21,74,0
2023/8/7 (Monday) 14:32:44,599,59,10,LED ON,255,1.3 mg/L,44,44143,BASIC COUNTS,0.00,0.00,0.00,0.00,0.00,0.00,0.00,0.00,0.00,0.00,RAW VALUES,0,0,0,0,5,41,47,21,74,3
2023/8/7 (Monday) 14:32:45,599,59,10,LED ON,255,1.3 mg/L,44,44808,BASIC COUNTS,0.00,0.00,0.00,0.00,0.00,0.00,0.00,0.00,0.00,0.00,RAW VALUES,0,0,0,0,5,42,47,21,75,0
2023/8/7 (Monday) 14:32:45,599,59,10,LED ON,255,1.3 mg/L,45,45474,BASIC COUNTS,0.00,0.00,0.00,0.00,0.00,0.00,0.00,0.00,0.00,0.00,RAW VALUES,0,0,0,0,5,42,46,21,74,3
2023/8/7 (Monday) 14:32:46,599,59,10,LED ON,255,1.3 mg/L,46,46139,BASIC COUNTS,0.00,0.00,0.00,0.00,0.00,0.00,0.00,0.00,0.00,0.00,RAW VALUES,0,0,0,0,5,42,46,21,75,3
2023/8/7 (Monday) 14:32:47,599,59,10,LED ON,255,1.3 mg/L,46,46803,BASIC COUNTS,0.00,0.00,0.00,0.00,0.00,0.00,0.00,0.00,0.00,0.00,RAW VALUES,0,0,0,0,4,41,47,21,74,0
2023/8/7 (Monday) 14:32:47,599,59,10,LED ON,255,1.3 mg/L,47,47467,BASIC COUNTS,0.00,0.00,0.00,0.00,0.00,0.00,0.00,0.00,0.00,0.00,RAW VALUES,0,0,0,0,5,42,47,21,75,0
2023/8/7 (Monday) 14:32:48,599,59,10,LED ON,255,1.3 mg/L,48,48130,BASIC COUNTS,0.00,0.00,0.00,0.00,0.00,0.00,0.00,0.00,0.00,0.00,RAW VALUES,0,0,0,0,5,42,47,21,75,0
2023/8/7 (Monday) 14:32:49,599,59,10,LED ON,255,1.3 mg/L,48,48793,BASIC COUNTS,0.00,0.00,0.00,0.00,0.00,0.00,0.00,0.00,0.00,0.00,RAW VALUES,0,0,0,0,4,41,47,21,74,3
2023/8/7 (Monday) 14:32:49,599,59,10,LED ON,255,1.3 mg/L,49,49457,BASIC COUNTS,0.00,0.00,0.00,0.00,0.00,0.00,0.00,0.00,0.00,0.00,RAW VALUES,0,0,0,0,4,42,47,21,74,3
2023/8/7 (Monday) 14:32:50,599,59,10,LED ON,255,1.3 mg/L,50,50121,BASIC COUNTS,0.00,0.00,0.00,0.00,0.00,0.00,0.00,0.00,0.00,0.00,RAW VALUES,0,0,0,0,4,42,46,21,74,3
2023/8/7 (Monday) 14:32:51,599,59,10,LED ON,255,1.3 mg/L,50,50785,BASIC COUNTS,0.00,0.00,0.00,0.00,0.00,0.00,0.00,0.00,0.00,0.00,RAW VALUES,0,0,0,0,4,42,47,21,73,3
2023/8/7 (Monday) 14:32:51,599,59,10,LED ON,255,1.3 mg/L,51,51452,BASIC COUNTS,0.00,0.00,0.00,0.00,0.00,0.00,0.00,0.00,0.00,0.00,RAW VALUES,0,0,0,0,4,42,47,21,75,3
2023/8/7 (Monday) 14:32:52,599,59,10,LED ON,255,1.3 mg/L,52,52113,BASIC COUNTS,0.00,0.00,0.00,0.00,0.00,0.00,0.00,0.00,0.00,0.00,RAW VALUES,0,0,0,0,4,42,47,21,74,3
2023/8/7 (Monday) 14:32:52,599,59,10,LED ON,255,1.3 mg/L,52,52775,BASIC COUNTS,0.00,0.00,0.00,0.00,0.00,0.00,0.00,0.00,0.00,0.00,RAW VALUES,0,0,0,0,5,42,47,21,74,0
2023/8/7 (Monday) 14:32:53,599,59,10,LED ON,255,1.3 mg/L,53,53440,BASIC COUNTS,0.00,0.00,0.00,0.00,0.00,0.00,0.00,0.00,0.00,0.00,RAW VALUES,0,0,0,0,5,42,47,21,74,0
2023/8/7 (Monday) 14:32:54,599,59,10,LED ON,255,1.3 mg/L,54,54105,BASIC COUNTS,0.00,0.00,0.00,0.00,0.00,0.00,0.00,0.00,0.00,0.00,RAW VALUES,0,0,0,0,5,42,46,21,74,0
2023/8/7 (Monday) 14:32:54,599,59,10,LED ON,255,1.3 mg/L,54,54768,BASIC COUNTS,0.00,0.00,0.00,0.00,0.00,0.00,0.00,0.00,0.00,0.00,RAW VALUES,0,0,0,0,5,42,47,21,74,3
2023/8/7 (Monday) 14:32:55,599,59,10,LED ON,255,1.3 mg/L,55,55433,BASIC COUNTS,0.00,0.00,0.00,0.00,0.00,0.00,0.00,0.00,0.00,0.00,RAW VALUES,0,0,0,0,5,43,46,21,74,3
2023/8/7 (Monday) 14:32:56,599,59,10,LED ON,255,1.3 mg/L,56,56095,BASIC COUNTS,0.00,0.00,0.00,0.00,0.00,0.00,0.00,0.00,0.00,0.00,RAW VALUES,0,0,0,0,5,42,47,21,74,0
2023/8/7 (Monday) 14:32:56,599,59,10,LED ON,255,1.3 mg/L,56,56758,BASIC COUNTS,0.00,0.00,0.00,0.00,0.00,0.00,0.00,0.00,0.00,0.00,RAW VALUES,0,0,0,0,5,42,47,20,74,0
2023/8/7 (Monday) 14:32:57,599,59,10,LED ON,255,1.3 mg/L,57,57421,BASIC COUNTS,0.00,0.00,0.00,0.00,0.00,0.00,0.00,0.00,0.00,0.00,RAW VALUES,0,0,0,0,5,42,47,21,74,0
2023/8/7 (Monday) 14:32:58,599,59,10,LED ON,255,1.3 mg/L,58,58084,BASIC COUNTS,0.00,0.00,0.00,0.00,0.00,0.00,0.00,0.00,0.00,0.00,RAW VALUES,0,0,0,0,4,42,47,21,75,3
2023/8/7 (Monday) 14:32:58,599,59,10,LED ON,255,1.3 mg/L,58,58747,BASIC COUNTS,0.00,0.00,0.00,0.00,0.00,0.00,0.00,0.00,0.00,0.00,RAW VALUES,0,0,0,0,4,42,46,21,74,3
2023/8/7 (Monday) 14:32:59,599,59,10,LED ON,255,1.3 mg/L,59,59411,BASIC COUNTS,0.00,0.00,0.00,0.00,0.00,0.00,0.00,0.00,0.00,0.00,RAW VALUES,0,0,0,0,5,42,46,21,74,3
2023/8/7 (Monday) 14:33:0,599,59,10,LED ON,255,1.3 mg/L,60,60076,BASIC COUNTS,0.00,0.00,0.00,0.00,0.00,0.00,0.00,0.00,0.00,0.00,RAW VALUES,0,0,0,0,5,42,47,21,75,0
2023/8/7 (Monday) 14:33:0,599,59,10,LED ON,255,1.3 mg/L,60,60739,BASIC COUNTS,0.00,0.00,0.00,0.00,0.00,0.00,0.00,0.00,0.00,0.00,RAW VALUES,0,0,0,0,5,41,46,20,74,3
2023/8/7 (Monday) 14:33:1,599,59,10,LED ON,255,1.3 mg/L,61,61401,BASIC COUNTS,0.00,0.00,0.00,0.00,0.00,0.00,0.00,0.00,0.00,0.00,RAW VALUES,0,0,0,0,5,42,47,21,74,3
2023/8/7 (Monday) 14:33:2,599,59,10,LED ON,255,1.3 mg/L,62,62068,BASIC COUNTS,0.00,0.00,0.00,0.00,0.00,0.00,0.00,0.00,0.00,0.00,RAW VALUES,0,0,0,0,5,42,47,21,74,3
2023/8/7 (Monday) 14:33:2,599,59,10,LED ON,255,1.3 mg/L,62,62732,BASIC COUNTS,0.00,0.00,0.00,0.00,0.00,0.00,0.00,0.00,0.00,0.00,RAW VALUES,0,0,0,0,5,42,47,21,74,0
2023/8/7 (Monday) 14:33:3,599,59,10,LED ON,255,1.3 mg/L,63,63397,BASIC COUNTS,0.00,0.00,0.00,0.00,0.00,0.00,0.00,0.00,0.00,0.00,RAW VALUES,0,0,0,0,5,43,46,21,74,0
2023/8/7 (Monday) 14:33:4,599,59,10,LED ON,255,1.3 mg/L,64,64063,BASIC COUNTS,0.00,0.00,0.00,0.00,0.00,0.00,0.00,0.00,0.00,0.00,RAW VALUES,0,0,0,0,5,41,47,21,74,0
2023/8/7 (Monday) 14:33:4,599,59,10,LED ON,255,1.3 mg/L,64,64726,BASIC COUNTS,0.00,0.00,0.00,0.00,0.00,0.00,0.00,0.00,0.00,0.00,RAW VALUES,0,0,0,0,5,42,47,21,74,3